City,COST,Cost Range (in INR),Amount (in INR),Average Cost (INR),Average Price,Type of Angioplasty,Estimated Cost Range (INR),Average Cost Range (in INR),Minimum (INR),Average (INR),Maximum (INR),CITY,COST RANGE (INR),Type of  Cataract Treatment,Cost,Cost (INR),Average Cost Range (INR),Average Cost of Treatment,Amount (INR),Amount in INR,Average Cost,Tooth Type,Type of Braces,Price Range (INR)
Abdominoplasty cost in Hyderabad,"Rs. 1,00,000- Rs. 2,20,000",,,,,,,,,,,,,,,,,,,,,,,
Abdominoplasty cost in Raipur,"Rs. 1,00,000 - Rs. 2,00,000",,,,,,,,,,,,,,,,,,,,,,,
Abdominoplasty cost in Bhubaneshwar,"Rs. 1,00,000 - Rs. 1,82,000",,,,,,,,,,,,,,,,,,,,,,,
Abdominoplasty cost in Visakhapatnam,"Rs. 1,00,000 - Rs. 2,00,000",,,,,,,,,,,,,,,,,,,,,,,
Abdominoplasty cost in Nagpur,"Rs. 1,00,000 - Rs. 2,00,000",,,,,,,,,,,,,,,,,,,,,,,
Abdominoplasty cost in Indore,"Rs. 1,00,000- Rs. 1,70,000",,,,,,,,,,,,,,,,,,,,,,,
Abdominoplasty cost in Aurangabad,"Rs. 1,00,000 - Rs. 2,00,000",,,,,,,,,,,,,,,,,,,,,,,
Abdominoplasty cost in India,"Rs. 1,00,000 - Rs. 3,50,000",,,,,,,,,,,,,,,,,,,,,,,
Aortic valve replacement cost in Hyderabad,"Rs. 2,00,000 to Rs. 4,00,000",,,,,,,,,,,,,,,,,,,,,,,
Aortic valve replacement cost in Raipur,"Rs. 2,00,000 to Rs. 3,00,000",,,,,,,,,,,,,,,,,,,,,,,
Aortic valve replacement cost in Bhubaneswar,"Rs. 2,00,000 to Rs. 4,00,000",,,,,,,,,,,,,,,,,,,,,,,
Aortic valve replacement cost in Visakhapatnam,"Rs. 2,00,000 to Rs. 4,00,000",,,,,,,,,,,,,,,,,,,,,,,
Aortic valve replacement cost in Nagpur,"Rs. 2,00,000 to Rs.4,00,000",,,,,,,,,,,,,,,,,,,,,,,
Aortic valve replacement cost in Indore,"Rs. 2,00,000 to Rs. 3,50,000",,,,,,,,,,,,,,,,,,,,,,,
Aortic valve replacement cost in Aurangabad,"Rs. 2,00,000 to Rs. 4,00,000",,,,,,,,,,,,,,,,,,,,,,,
Aortic valve replacement cost in India,"Rs. 2,00,000 to Rs. 5,00,000",,,,,,,,,,,,,,,,,,,,,,,
Ankle replacement surgery cost in Hyderabad,"Rs. 1,50,000 - Rs. 4,00,000",,,,,,,,,,,,,,,,,,,,,,,
Ankle replacement surgery cost in Raipur,"Rs. 1,50,000 - Rs. 2,50,000",,,,,,,,,,,,,,,,,,,,,,,
Ankle replacement surgery cost in Bhubaneshwar,"Rs. 1,50,000 - Rs. 4,00,000",,,,,,,,,,,,,,,,,,,,,,,
Ankle replacement surgery cost in Visakhapatnam,"Rs. 1,50,000 - Rs. 3,50,000",,,,,,,,,,,,,,,,,,,,,,,
Ankle replacement surgery cost in Nagpur,"Rs. 1,50,000 - Rs. 3,00,000",,,,,,,,,,,,,,,,,,,,,,,
Ankle replacement surgery cost in Indore,"Rs. 1,50,000 - Rs. 3,00,000",,,,,,,,,,,,,,,,,,,,,,,
Ankle replacement surgery cost in Aurangabad,"Rs. 1,50,000 - Rs. 3,50,000",,,,,,,,,,,,,,,,,,,,,,,
Ankle replacement surgery cost in India,"Rs. 1,50,000 - Rs. 4,50,000",,,,,,,,,,,,,,,,,,,,,,,
ACL surgery cost in Hyderabad,"Rs. 1,20,000 to Rs. 2,80,000",,,,,,,,,,,,,,,,,,,,,,,
ACL surgery cost in Raipur,"Rs. 1,00,000 to Rs. 2,00,000",,,,,,,,,,,,,,,,,,,,,,,
ACL surgery cost in Bhubaneswar,"Rs. 1,20,000  to Rs. 2,90,000",,,,,,,,,,,,,,,,,,,,,,,
ACL surgery cost in Visakhapatnam,"Rs. 1,00,000 to Rs. 2,50,000",,,,,,,,,,,,,,,,,,,,,,,
ACL surgery cost in Indore,"Rs. 1,25,000  to Rs. 2,00,000",,,,,,,,,,,,,,,,,,,,,,,
ACL surgery cost in Nagpur,"Rs. 1,20,000 to Rs. 2,65,000",,,,,,,,,,,,,,,,,,,,,,,
ACL surgery cost in Aurangabad,"Rs. 1,10,000 to Rs. 2,80,000",,,,,,,,,,,,,,,,,,,,,,,
ACL surgery cost in India,"Rs. 1,00,000 to Rs. 3,20,000",,,,,,,,,,,,,,,,,,,,,,,
Appendix surgery cost in Hyderabad,"Rs. 35,000 to Rs. 1,20,000",,,,,,,,,,,,,,,,,,,,,,,
Appendix surgery cost in Bangalore,"Rs. 40,000 to Rs. 1,50,000",,,,,,,,,,,,,,,,,,,,,,,
Appendix surgery cost in Mumbai,"Rs. 30,000 to Rs. 1,50,000",,,,,,,,,,,,,,,,,,,,,,,
Appendix surgery cost in Chennai,"Rs. 30,000 to Rs. 1,00,000",,,,,,,,,,,,,,,,,,,,,,,
Appendix surgery cost in Lucknow,"Rs. 25,000 to Rs. 90,000",,,,,,,,,,,,,,,,,,,,,,,
Appendix surgery cost in Faridabad,"Rs. 25,000 to Rs. 94,000",,,,,,,,,,,,,,,,,,,,,,,
Appendix surgery cost in India,"Rs. 25,000 to Rs. 1,50,000",,,,,,,,,,,,,,,,,,,,,,,
Balloon Angioplasty,"Rs. 75,000 to Rs. 1,25,000",,,,,,,,,,,,,,,,,,,,,,,
Stent Placement,"Rs. 1,00,000 to Rs. 1,75,000",,,,,,,,,,,,,,,,,,,,,,,
Drug-Eluting Stent (DES),"Rs. 1,50,000 to Rs. 2,50,000",,,,,,,,,,,,,,,,,,,,,,,
Rotational Atherectomy,"Rs. 2,00,000 to Rs. 3,00,000",,,,,,,,,,,,,,,,,,,,,,,
Directional Atherectomy,"Rs. 2,50,000 to Rs. 3,50,000",,,,,,,,,,,,,,,,,,,,,,,
Laser Angioplasty,"Rs. 2,00,000 to Rs. 3,00,000",,,,,,,,,,,,,,,,,,,,,,,
Cerebral Angioplasty,"Rs. 30,000 to Rs. 45,000",,,,,,,,,,,,,,,,,,,,,,,
Peripheral Angioplasty,"Rs. 48,000 to Rs. 60,000",,,,,,,,,,,,,,,,,,,,,,,
Coronary Artery Stent,"Rs. 1,99,000 to Rs. 2,45,000",,,,,,,,,,,,,,,,,,,,,,,
Renal Artery Angioplasty,"Rs. 4,25,000 to Rs. 5,00,000",,,,,,,,,,,,,,,,,,,,,,,
PTA for Femoral Artery,"Rs. 1,00,000 to Rs. 2,80,000",,,,,,,,,,,,,,,,,,,,,,,
Valvuloplasty,"Rs. 2,75,000 to Rs. 3,80,000",,,,,,,,,,,,,,,,,,,,,,,
Body contouring cost in Hyderabad,"Rs. 70,000 - Rs. 4,00,000",,,,,,,,,,,,,,,,,,,,,,,
Body contouring cost in Raipur,"Rs. 70,000 - Rs. 2,50,000",,,,,,,,,,,,,,,,,,,,,,,
Body contouring cost in Bhubaneswar,"Rs. 70,000 - Rs. 3,50,000",,,,,,,,,,,,,,,,,,,,,,,
Body contouring cost in Visakhapatnam,"Rs. 70,000 - Rs. 3,50,000",,,,,,,,,,,,,,,,,,,,,,,
Body contouring cost in Nagpur,"Rs. 70,000 - Rs. 2,50,000",,,,,,,,,,,,,,,,,,,,,,,
Body contouring cost in Indore,"Rs. 70,000 - Rs. 2,50,000",,,,,,,,,,,,,,,,,,,,,,,
Body contouring cost in Aurangabad,"Rs. 70,000 - Rs. 2,20,000",,,,,,,,,,,,,,,,,,,,,,,
Body contouring cost in India,"Rs. 70,000 - Rs. 3,50,000",,,,,,,,,,,,,,,,,,,,,,,
Biopsy cost in Hyderabad,"Rs. 2,000 to Rs. 12,000",,,,,,,,,,,,,,,,,,,,,,,
Biopsy cost in Raipur,"Rs. 2,000 to Rs. 5,500",,,,,,,,,,,,,,,,,,,,,,,
Biopsy cost in Bhubaneswar,"Rs. 2,000 to Rs. 6,000",,,,,,,,,,,,,,,,,,,,,,,
Biopsy cost in Visakhapatnam,"Rs. 2,000 to Rs. 5,000",,,,,,,,,,,,,,,,,,,,,,,
Biopsy cost in Nagpur,"Rs. 2,000 to Rs. 9,000",,,,,,,,,,,,,,,,,,,,,,,
Biopsy cost in Pune,"Rs. 2,000 to Rs. 10,000",,,,,,,,,,,,,,,,,,,,,,,
Biopsy cost in Indore,"Rs. 2,000 to Rs. 8,000",,,,,,,,,,,,,,,,,,,,,,,
Biopsy cost in Aurangabad,"Rs. 2,000 to Rs. 5,000",,,,,,,,,,,,,,,,,,,,,,,
Biopsy cost in India,"Rs. 2,000 to Rs. 12,000",,,,,,,,,,,,,,,,,,,,,,,
Bone scan cost in Hyderabad,"Rs. 3,000 to Rs. 9,000",,,,,,,,,,,,,,,,,,,,,,,
Bone scan cost in Raipur,"Rs. 3,000 to Rs. 7,000",,,,,,,,,,,,,,,,,,,,,,,
Bone scan cost in Bhubaneswar,"Rs. 3,000 to Rs. 7,000",,,,,,,,,,,,,,,,,,,,,,,
Bone scan cost in Visakhapatnam,"Rs. 3,000 to Rs. 6,000",,,,,,,,,,,,,,,,,,,,,,,
Bone scan cost in Nagpur,"Rs. 3,000 to Rs. 8,500",,,,,,,,,,,,,,,,,,,,,,,
Bone scan cost in Indore,"Rs. 3,000 to Rs. 8,000",,,,,,,,,,,,,,,,,,,,,,,
Bone scan cost in Aurangabad,"Rs. 3,000 to Rs. 6,000",,,,,,,,,,,,,,,,,,,,,,,
Bone scan cost in India,"Rs. 3,000 to Rs. 10,000",,,,,,,,,,,,,,,,,,,,,,,
Brain tumour surgery cost in Hyderabad,"Rs. 1,50,000 to Rs. 4.75,000",,,,,,,,,,,,,,,,,,,,,,,
Brain tumour surgery cost in Raipur,"Rs. 1,50,000 to Rs. 3,80,000",,,,,,,,,,,,,,,,,,,,,,,
Brain tumour surgery cost in Bhubaneswar,"Rs. 1,50,000 to Rs. 3,80,000",,,,,,,,,,,,,,,,,,,,,,,
Brain tumour surgery cost in Visakhapatnam,"Rs. 1,50,000 to Rs. 4,00,000",,,,,,,,,,,,,,,,,,,,,,,
Brain tumour surgery cost in Nagpur,"Rs. 1,50,000 to Rs. 4,20,000",,,,,,,,,,,,,,,,,,,,,,,
Brain tumour surgery cost in Indore,"Rs. 1,50,000 to Rs. 3,75,000",,,,,,,,,,,,,,,,,,,,,,,
Brain tumour surgery cost in Aurangabad,"Rs. 1,50,000 to Rs. 3,80,000",,,,,,,,,,,,,,,,,,,,,,,
Brain tumour surgery cost in India,"Rs. 1,50,000 to Rs. 5,00,000",,,,,,,,,,,,,,,,,,,,,,,
Breast reduction surgery cost in Hyderabad,"Rs. 80,000 to Rs. 2,50,000",,,,,,,,,,,,,,,,,,,,,,,
Breast reduction surgery cost in Raipur,"Rs. 80,000 to Rs. 1,50,000",,,,,,,,,,,,,,,,,,,,,,,
Breast reduction surgery cost in Bhubaneswar,"Rs. 80,000 to Rs. 2,00,000",,,,,,,,,,,,,,,,,,,,,,,
Breast reduction surgery cost in Visakhapatnam,"Rs. 80,000 to Rs. 2,00,000",,,,,,,,,,,,,,,,,,,,,,,
Breast reduction surgery cost in Nagpur,"Rs. 80,000 to Rs. 2,00,000",,,,,,,,,,,,,,,,,,,,,,,
Breast reduction surgery cost in Indore,"Rs. 80,000 to Rs. 2,25,000",,,,,,,,,,,,,,,,,,,,,,,
Breast reduction surgery cost in Aurangabad,"Rs. 80,000 to Rs. 1,80,000",,,,,,,,,,,,,,,,,,,,,,,
Breast reduction surgery cost in India,"Rs. 80,000 to Rs. 3,00,000",,,,,,,,,,,,,,,,,,,,,,,
Blood cancer treatment cost in Hyderabad,"Rs. 38,000 to Rs. 20,00,000",,,,,,,,,,,,,,,,,,,,,,,
Blood cancer treatment cost in Raipur,"Rs. 38,000 to Rs. 19,00,000",,,,,,,,,,,,,,,,,,,,,,,
Blood cancer treatment cost in Bhubaneswar,"Rs. 38,000 to Rs. 22,00,000",,,,,,,,,,,,,,,,,,,,,,,
Blood cancer treatment cost in Visakhapatnam,"Rs. 38,000 to Rs. 19,00,000",,,,,,,,,,,,,,,,,,,,,,,
Blood cancer treatment cost in Nagpur,"Rs. 38,000 to Rs. 20,00,000",,,,,,,,,,,,,,,,,,,,,,,
Blood cancer treatment cost in Indore,"Rs. 38,000 to Rs. 20,00,000",,,,,,,,,,,,,,,,,,,,,,,
Blood cancer treatment in Aurangabad,"Rs. 38,000 to Rs. 19,00,000",,,,,,,,,,,,,,,,,,,,,,,
Blood cancer treatment cost In India,"Rs. 38,000 to Rs. 22,00,000",,,,,,,,,,,,,,,,,,,,,,,
Breast cancer treatment cost in Hyderabad,"Rs. 85,000 to Rs. 5,50,000",,,,,,,,,,,,,,,,,,,,,,,
Breast cancer treatment cost in Raipur,"Rs. 85,000 to Rs. 4,00,000",,,,,,,,,,,,,,,,,,,,,,,
Breast cancer treatment cost in Bhubaneswar,"Rs. 85,000 to Rs. 3,50,000",,,,,,,,,,,,,,,,,,,,,,,
Breast cancer treatment cost in Visakhapatnam,"Rs. 85,000 to Rs. 3,50,000",,,,,,,,,,,,,,,,,,,,,,,
Breast cancer treatment cost in Nagpur,"Rs. 85,000 to Rs. 4,50,000",,,,,,,,,,,,,,,,,,,,,,,
Breast cancer treatment cost in Indore,"Rs. 85,000  to Rs. 4,25,000",,,,,,,,,,,,,,,,,,,,,,,
Breast cancer treatment cost in Aurangabad,"Rs. 85,000 to Rs. 3,00,000",,,,,,,,,,,,,,,,,,,,,,,
Breast cancer treatment cost in India,"Rs. 85,000 to Rs. 6,00,000",,,,,,,,,,,,,,,,,,,,,,,
Breast augmentation surgery cost in Hyderabad,"Rs. 1,00,000 to Rs. 2,50,000",,,,,,,,,,,,,,,,,,,,,,,
Breast augmentation surgery cost in Raipur,"Rs. 1,00,000 to Rs. 2,00,000",,,,,,,,,,,,,,,,,,,,,,,
Breast augmentation surgery cost in Bhubaneswar,"Rs. 1,00,000 to Rs. 2,50,000",,,,,,,,,,,,,,,,,,,,,,,
Breast augmentation surgery cost in Visakhapatnam,"Rs. 1,00,000 to Rs. 2,00,000",,,,,,,,,,,,,,,,,,,,,,,
Breast augmentation surgery cost in Nagpur,"Rs. 1,00,000 to Rs. 2,50,000",,,,,,,,,,,,,,,,,,,,,,,
Breast augmentation surgery cost in Indore,"Rs. 1,00,000 to Rs. 2,00,000",,,,,,,,,,,,,,,,,,,,,,,
Breast augmentation surgery cost in Aurangabad,"Rs. 1,00,000 to Rs. 2,00,000",,,,,,,,,,,,,,,,,,,,,,,
Breast augmentation surgery cost in India,"Rs. 1,00,000 to Rs. 3,50,000",,,,,,,,,,,,,,,,,,,,,,,
Blepharoplasty cost in Hyderabad,"Rs. 40,000 - Rs. 3,00,000",,,,,,,,,,,,,,,,,,,,,,,
Blepharoplasty cost in Raipur,"Rs. 40,000 - Rs. 2,50,000",,,,,,,,,,,,,,,,,,,,,,,
Blepharoplasty cost in Bhubaneswar,"Rs. 40,000 - Rs. 2,50,000",,,,,,,,,,,,,,,,,,,,,,,
Blepharoplasty cost in Visakhapatnam,"Rs. 40,000 - Rs. 3,00,000",,,,,,,,,,,,,,,,,,,,,,,
Blepharoplasty cost in Nagpur,"Rs. 40,000 - Rs. 2,50,000",,,,,,,,,,,,,,,,,,,,,,,
Blepharoplasty cost in Indore,"Rs. 40,000 – Rs. 2,00,000",,,,,,,,,,,,,,,,,,,,,,,
Blepharoplasty cost in Aurangabad,"Rs. 40,000 - Rs. 2,00,000",,,,,,,,,,,,,,,,,,,,,,,
Blepharoplasty cost in India,"Rs. 40,000 - Rs. 3,50,000",,,,,,,,,,,,,,,,,,,,,,,
Bone Marrow Transplant Cost in Hyderabad,"Rs. 12,50,000 – Rs. 20,00,000",,,,,,,,,,,,,,,,,,,,,,,
Bone Marrow Transplant Cost in Raipur,"Rs. 12,50,000 – Rs. 20,00,000",,,,,,,,,,,,,,,,,,,,,,,
Bone Marrow Transplant Cost in Bhubaneshwar,"Rs. 12,50,000 – Rs. 20,00,000",,,,,,,,,,,,,,,,,,,,,,,
Bone Marrow Transplant Cost in Visakhapatnam,"Rs. 12,50,000 – Rs. 20,00,000",,,,,,,,,,,,,,,,,,,,,,,
Bone Marrow Transplant Cost in Nagpur,"Rs. 10,00,000 – Rs. 18,00,000",,,,,,,,,,,,,,,,,,,,,,,
Bone Marrow Transplant Cost in Indore,"Rs. 12,50,000 – Rs. 20,00,000",,,,,,,,,,,,,,,,,,,,,,,
Bone Marrow Transplant Cost in Aurangabad,"Rs. 12,50,000 – Rs. 20,00,000",,,,,,,,,,,,,,,,,,,,,,,
Bone Marrow Transplant Cost in India,"Rs. 10,00,000 – Rs. 20,00,000",,,,,,,,,,,,,,,,,,,,,,,
Botox cost in Hyderabad,"Rs. 7,000 to Rs. 23,000",,,,,,,,,,,,,,,,,,,,,,,
Botox cost in Raipur,"Rs. 7000 to Rs. 15,000",,,,,,,,,,,,,,,,,,,,,,,
Botox cost in Bhubaneswar,"Rs. 8000 to Rs. 25,000",,,,,,,,,,,,,,,,,,,,,,,
Botox cost in Visakhapatnam,"Rs. 7000 to Rs. 20,000",,,,,,,,,,,,,,,,,,,,,,,
Botox cost in Indore,"Rs. 7000 to Rs. 15,000",,,,,,,,,,,,,,,,,,,,,,,
Botox cost in Nagpur,"Rs. 8000 to Rs. 18,000",,,,,,,,,,,,,,,,,,,,,,,
Botox cost in Aurangabad,"Rs. 7000 to Rs. 18,000",,,,,,,,,,,,,,,,,,,,,,,
Botox cost in India,Rs. 5000 to Rs. 25000,,,,,,,,,,,,,,,,,,,,,,,
Bronchoscopy Cost in Delhi,Rs. 15000,,,,,,,,Rs. 7000,,Rs. 25000,,,,,,,,,,,,,
Bronchoscopy Cost in Ahmedabad,Rs. 10000,,,,,,,,Rs. 5000,,Rs. 18000,,,,,,,,,,,,,
Bronchoscopy Cost in Bangalore,Rs. 15000,,,,,,,,Rs. 7000,,Rs. 25000,,,,,,,,,,,,,
Bronchoscopy Cost in Mumbai,Rs. 14000,,,,,,,,Rs. 6000,,Rs. 25000,,,,,,,,,,,,,
Bronchoscopy Cost in Chennai,Rs. 12000,,,,,,,,Rs. 6000,,Rs. 20000,,,,,,,,,,,,,
Bronchoscopy Cost in Hyderabad,Rs. 15000,,,,,,,,Rs. 7000,,Rs. 25000,,,,,,,,,,,,,
Bronchoscopy Cost in Kolkata,Rs. 15000,,,,,,,,Rs. 6000,,Rs. 25000,,,,,,,,,,,,,
Bypass Surgery Cost in Hyderabad,"Rs. 3,00,000 to Rs. 5,50,000",,,,,,,,,,,,,,,,,,,,,,,
Bypass Surgery Cost in Raipur,"Rs. 2,20,000 to Rs. 3,50,000",,,,,,,,,,,,,,,,,,,,,,,
Bypass Surgery Cost in Bhubaneswar,"Rs. 2,90,000 to Rs. 5,00,000",,,,,,,,,,,,,,,,,,,,,,,
Bypass Surgery Cost in Visakhapatnam,"Rs. 2,20,000 to Rs. 3,80,000",,,,,,,,,,,,,,,,,,,,,,,
Bypass Surgery Cost in Nagpur,"Rs. 2,50,000 to Rs. 3,80,000",,,,,,,,,,,,,,,,,,,,,,,
Bypass Surgery Cost in Indore,"Rs. 2,50,000 to Rs. 3,80,000",,,,,,,,,,,,,,,,,,,,,,,
Bypass Surgery Cost in Aurangabad,"Rs. 2,20,000 to Rs. 4,00,000",,,,,,,,,,,,,,,,,,,,,,,
Bypass Surgery Cost in India,"Rs. 2,00,000 to Rs. 6,00,000",,,,,,,,,,,,,,,,,,,,,,,
Breast Lump Removal Surgery Cost in Hyderabad,Rs. 75000 /-,,,,,,,,,,,,,,,,,,,,,,,
Breast Lump Removal Surgery Cost in Raipur,Rs. 59000 /-,,,,,,,,,,,,,,,,,,,,,,,
Breast Lump Removal Surgery Cost in Bhubaneswar,Rs. 68000 /-,,,,,,,,,,,,,,,,,,,,,,,
Breast Lump Removal Surgery Cost in Visakhapatnam,Rs. 57500 /-,,,,,,,,,,,,,,,,,,,,,,,
Breast Lump Removal Surgery Cost in Nagpur,Rs. 60000 /-,,,,,,,,,,,,,,,,,,,,,,,
Breast Lump Removal Surgery Cost in Indore,Rs. 74000 /-,,,,,,,,,,,,,,,,,,,,,,,
Breast Lump Removal Surgery Cost in Aurangabad,Rs. 85000/-,,,,,,,,,,,,,,,,,,,,,,,
Breast Lump Removal Surgery Cost in India,Rs. 55000 /-  - Rs. 85000 /-,,,,,,,,,,,,,,,,,,,,,,,
Deep brain stimulation cost in Hyderabad,"Rs. 5,00,000 to Rs. 14,00,000",,,,,,,,,,,,,,,,,,,,,,,
Deep brain stimulation cost in Raipur,"Rs. 5,00,000 to Rs. 10,00,000",,,,,,,,,,,,,,,,,,,,,,,
Deep brain stimulation cost in Bhubaneswar,"Rs. 5,00,000 to Rs. 10,00,000",,,,,,,,,,,,,,,,,,,,,,,
Deep brain stimulation cost in Visakhapatnam,"Rs. 5,00,000 to Rs. 10,00,000",,,,,,,,,,,,,,,,,,,,,,,
Deep brain stimulation cost in Nagpur,"Rs. 5,00,000 to Rs. 10,00,000",,,,,,,,,,,,,,,,,,,,,,,
Deep brain stimulation cost in Indore,"Rs. 5,00,000 to Rs. 10,00,000",,,,,,,,,,,,,,,,,,,,,,,
Deep brain stimulation cost in Aurangabad,"Rs. 5,00,000 to Rs. 10,00,000",,,,,,,,,,,,,,,,,,,,,,,
Deep brain stimulation cost in India,"Rs. 5,00,000 to Rs. 15,00,000",,,,,,,,,,,,,,,,,,,,,,,
Dental Implants Cost in Hyderabad,"Rs. 3,00,000/-",,,,,,,,,,,,,,,,,,,,,,,
Dental Implants Cost in Raipur,"Rs. 2,40,000/-",,,,,,,,,,,,,,,,,,,,,,,
Dental Implants Cost in Bhubaneswar,"Rs. 2,60,000/-",,,,,,,,,,,,,,,,,,,,,,,
Dental Implants Cost in Visakhapatnam,"Rs. 2,60,000/-",,,,,,,,,,,,,,,,,,,,,,,
Dental Implants Cost in Nagpur,"Rs. 2,45,000/-",,,,,,,,,,,,,,,,,,,,,,,
Dental Implants Cost in Indore,"Rs. 2,65,000/-",,,,,,,,,,,,,,,,,,,,,,,
Dental Implants Cost in Aurangabad,"Rs. 3,00,000/-",,,,,,,,,,,,,,,,,,,,,,,
Dental Implants Cost in India,"Rs. 2,20,000/-  - Rs. 3,50,000/-",,,,,,,,,,,,,,,,,,,,,,,
Echocardiography cost in Hyderabad,"Rs. 700 to Rs. 5,000",,,,,,,,,,,,,,,,,,,,,,,
Echocardiography cost in Raipur,"Rs. 700 to Rs. 4,500",,,,,,,,,,,,,,,,,,,,,,,
Echocardiography cost in Bhubaneswar,"Rs. 700 to Rs. 4,500",,,,,,,,,,,,,,,,,,,,,,,
Echocardiography cost in Visakhapatnam,"Rs. 700 to Rs. 4,500",,,,,,,,,,,,,,,,,,,,,,,
Echocardiography cost in Nagpur,"Rs. 700 to Rs. 3,500",,,,,,,,,,,,,,,,,,,,,,,
Echocardiography cost in Indore,"Rs. 700 to Rs. 3,000",,,,,,,,,,,,,,,,,,,,,,,
Echocardiography cost in Aurangabad,"Rs. 700 to Rs. 2,500",,,,,,,,,,,,,,,,,,,,,,,
Echocardiography cost in India,"Rs. 700 to Rs. 5,000",,,,,,,,,,,,,,,,,,,,,,,
Endoscopy cost in Hyderabad,"Rs. 1,500 to Rs. 8,000",,,,,,,,,,,,,,,,,,,,,,,
Endoscopy cost in Raipur,"Rs. 1,500 to Rs. 8,000",,,,,,,,,,,,,,,,,,,,,,,
Endoscopy cost in Bhubaneswar,"Rs. 1,500 to Rs. 9,000",,,,,,,,,,,,,,,,,,,,,,,
Endoscopy cost in Visakhapatnam,"Rs. 1,500 to Rs. 9,500",,,,,,,,,,,,,,,,,,,,,,,
Endoscopy cost in Indore,"Rs. 1,500 to Rs. 8,000",,,,,,,,,,,,,,,,,,,,,,,
Endoscopy cost in Nagpur,"Rs. 1,500 to Rs. 9,000",,,,,,,,,,,,,,,,,,,,,,,
Endoscopy cost in Aurangabad,"Rs. 1,500 to Rs. 8,000",,,,,,,,,,,,,,,,,,,,,,,
Endoscopy Cost in India,"Rs. 1,500 to Rs. 10,000",,,,,,,,,,,,,,,,,,,,,,,
Enteroscopy cost in Hyderabad,"Rs. 15,000 to Rs. 35,000",,,,,,,,,,,,,,,,,,,,,,,
Enteroscopy cost in Raipur,"Rs. 15,000 to Rs. 25,000",,,,,,,,,,,,,,,,,,,,,,,
Enteroscopy cost in Bhubaneswar,"Rs. 15,000 to Rs. 30,000",,,,,,,,,,,,,,,,,,,,,,,
Enteroscopy cost in Visakhapatnam,"Rs. 15,000 to Rs. 30,000",,,,,,,,,,,,,,,,,,,,,,,
Enteroscopy cost in Nagpur,"Rs. 15,000 to Rs. 35,000",,,,,,,,,,,,,,,,,,,,,,,
Enteroscopy cost in Indore,"Rs. 15,000 to Rs. 20,000",,,,,,,,,,,,,,,,,,,,,,,
Enteroscopy cost in Aurangabad,"Rs. 15,000 to Rs. 35,000",,,,,,,,,,,,,,,,,,,,,,,
Enteroscopy cost in India,"Rs. 15,000 to Rs. 40,000",,,,,,,,,,,,,,,,,,,,,,,
Colposcopy cost in Hyderabad,"Rs. 12,000 - Rs. 35,000",,,,,,,,,,,,,,,,,,,,,,,
Colposcopy cost in Raipur,"Rs. 12,000 - Rs. 40,000",,,,,,,,,,,,,,,,,,,,,,,
Colposcopy cost in Bhubaneswar,"Rs. 12,000 - Rs. 35,000",,,,,,,,,,,,,,,,,,,,,,,
Colposcopy cost in Visakhapatnam,"Rs. 12,000 - Rs. 40,000",,,,,,,,,,,,,,,,,,,,,,,
Colposcopy cost in Nagpur,"Rs. 12,000 - Rs. 40,000",,,,,,,,,,,,,,,,,,,,,,,
Colposcopy cost in Indore,"Rs. 12,000 - Rs. 35,000",,,,,,,,,,,,,,,,,,,,,,,
Colposcopy cost in Aurangabad,"Rs. 12,000 - Rs. 35,000",,,,,,,,,,,,,,,,,,,,,,,
Colposcopy cost in India (average),"Rs. 12,000 - Rs. 50,000",,,,,,,,,,,,,,,,,,,,,,,
Chemical peel cost in Hyderabad,"Rs. 2,500 to Rs. 15,000",,,,,,,,,,,,,,,,,,,,,,,
Chemical peel cost in Raipur,"Rs. 2,500 to Rs. 10,000",,,,,,,,,,,,,,,,,,,,,,,
Chemical peel cost in Bhubaneswar,"Rs. 2,500 to Rs. 10,000",,,,,,,,,,,,,,,,,,,,,,,
Chemical peel cost in Visakhapatnam,"Rs. 2,500 to Rs. 12,000",,,,,,,,,,,,,,,,,,,,,,,
Chemical peel cost in Nagpur,"Rs. 2,500 to Rs. 8,000",,,,,,,,,,,,,,,,,,,,,,,
Chemical peel cost in Indore,"Rs. 2,500 to Rs. 12,000",,,,,,,,,,,,,,,,,,,,,,,
Chemical peel cost in Aurangabad,"Rs. 2,500 to Rs. 8,500",,,,,,,,,,,,,,,,,,,,,,,
Chemical peel cost in India,"Rs. 2,500 to Rs. 20,000",,,,,,,,,,,,,,,,,,,,,,,
Cochlear implant cost in Hyderabad,"Rs. 5,00,000 to Rs. 9,50,000",,,,,,,,,,,,,,,,,,,,,,,
Cochlear implant cost in Raipur,"Rs. 5,00,000 to Rs. 7,50,000",,,,,,,,,,,,,,,,,,,,,,,
Cochlear implant cost in Bhubaneswar,"Rs. 5,00,000 to Rs. 9,00,000",,,,,,,,,,,,,,,,,,,,,,,
Cochlear implant cost in Visakhapatnam,"Rs. 5,00,000 to Rs. 8,50,000",,,,,,,,,,,,,,,,,,,,,,,
Cochlear implant cost in Nagpur,"Rs. 5,00,000 to Rs. 9,00,000",,,,,,,,,,,,,,,,,,,,,,,
Cochlear implant cost in Indore,"Rs. 5,00,000 to Rs. 9,25,000",,,,,,,,,,,,,,,,,,,,,,,
Cochlear implant cost in Aurangabad,"Rs. 5,00,000 to Rs. 8,00,000",,,,,,,,,,,,,,,,,,,,,,,
Cochlear implant cost in India,"Rs. 5,00,000 to Rs.12,00,000",,,,,,,,,,,,,,,,,,,,,,,
Coronary angiography cost in Hyderabad,"Rs. 12,000 to Rs. 40,000",,,,,,,,,,,,,,,,,,,,,,,
Coronary angiography cost in Raipur,"Rs. 12,000 to Rs. 20,000",,,,,,,,,,,,,,,,,,,,,,,
Coronary angiography cost in Bhubaneswar,"Rs. 12,000 to Rs. 20,000",,,,,,,,,,,,,,,,,,,,,,,
Coronary angiography cost in Visakhapatnam,"Rs. 12,000 to Rs. 22,000",,,,,,,,,,,,,,,,,,,,,,,
Coronary angiography cost in Nagpur,"Rs. 12,000 to Rs. 35,000",,,,,,,,,,,,,,,,,,,,,,,
Coronary angiography cost in Indore,"Rs. 12,000 to Rs. 25,000",,,,,,,,,,,,,,,,,,,,,,,
Coronary angiography cost in Aurangabad,"Rs. 12,000 to Rs. 25,000",,,,,,,,,,,,,,,,,,,,,,,
Coronary angiography cost in India,"Rs. 12,000 to Rs. 50,000",,,,,,,,,,,,,,,,,,,,,,,
Chemotherapy Cost in Hyderabad,"Rs. 15,000 to Rs. 5,00,000.",,,,,,,,,,,,,,,,,,,,,,,
Chemotherapy Cost in Raipur,"Rs. 15,000 to Rs. 5,00,000",,,,,,,,,,,,,,,,,,,,,,,
Chemotherapy cost in Bhubaneswar,"Rs. 15,000 to Rs. 5,00,000",,,,,,,,,,,,,,,,,,,,,,,
Chemotherapy cost in Visakhapatnam,"Rs. 15,,000 to Rs. 5,00,000",,,,,,,,,,,,,,,,,,,,,,,
Chemotherapy cost in Nagpur,"Rs. 15,000 to Rs. 5,00,000",,,,,,,,,,,,,,,,,,,,,,,
Chemotherapy cost in Indore,"Rs. 15,000 to Rs. 5,00,000",,,,,,,,,,,,,,,,,,,,,,,
Chemotherapy cost in Aurangabad,"Rs.15,000 to Rs. 5,00,000",,,,,,,,,,,,,,,,,,,,,,,
Chemotherapy cost in India,"Rs. 15,000 to Rs. 5,00,000",,,,,,,,,,,,,,,,,,,,,,,
C-section in Hyderabad,"Rs. 50,000 – Rs. 2,00,000",,,,,,,,,,,,,,,,,,,,,,,
C-section in Raipur,"Rs. 50,000 – Rs. 1,50,000",,,,,,,,,,,,,,,,,,,,,,,
C-section in Bhubaneshwar,"Rs. 50,000 – Rs. 1,50,000",,,,,,,,,,,,,,,,,,,,,,,
C-section in Visakhapatnam,"Rs. 50,000 – Rs. 1,80,000",,,,,,,,,,,,,,,,,,,,,,,
C-section in Nagpur,"Rs. 50,000 – Rs. 1,80,000",,,,,,,,,,,,,,,,,,,,,,,
C-section in Indore,"Rs. 50,000 – Rs. 1,80,000",,,,,,,,,,,,,,,,,,,,,,,
C-section in Aurangabad,"Rs. 50,000 – Rs. 1,80,000",,,,,,,,,,,,,,,,,,,,,,,
C-section in India,"Rs. 50,000 - Rs. 2,00,000",,,,,,,,,,,,,,,,,,,,,,,
Phacoemulsification Surgery,"Rs. 30,000 - Rs. 2,15,000",,,,,,,,,,,,,,,,,,,,,,,
Phacoemulsification Cataract Surgery,"Rs. 32,000 - Rs. 65,000",,,,,,,,,,,,,,,,,,,,,,,
Femtosecond Laser Assisted Cataract Surgery- FLACS,"Rs. 50,000 - Rs. 1,60,000",,,,,,,,,,,,,,,,,,,,,,,
Manual Small Incision Cataract Surgery- MSICS,"Rs. 15,000 - Rs. 30,000",,,,,,,,,,,,,,,,,,,,,,,
Microincision Cataract Surgery,"Rs. 60,000 - Rs. 70,000",,,,,,,,,,,,,,,,,,,,,,,
Colonoscopy  cost in Hyderabad,"Rs. 3000 to Rs. 15,000",,,,,,,,,,,,,,,,,,,,,,,
Colonoscopy  cost in Raipur,"Rs. 2500 to Rs. 10,000",,,,,,,,,,,,,,,,,,,,,,,
Colonoscopy  cost in Bhubaneswar,"Rs. 4000 to Rs. 12,000",,,,,,,,,,,,,,,,,,,,,,,
Colonoscopy cost in Visakhapatnam,"Rs. 2200 to Rs. 10,000",,,,,,,,,,,,,,,,,,,,,,,
Colonoscopy cost in Indore,"Rs. 3000 to Rs. 9,000",,,,,,,,,,,,,,,,,,,,,,,
Colonoscopy cost in Nagpur,"Rs. 2000 to Rs. 8,000",,,,,,,,,,,,,,,,,,,,,,,
Colonoscopy cost in Aurangabad,"Rs. 2500 to Rs. 10,000",,,,,,,,,,,,,,,,,,,,,,,
Colonoscopy cost in India,"Rs. 3000 to Rs. 25,000",,,,,,,,,,,,,,,,,,,,,,,
Cost of Craniotomy in Hyderabad,"Rs. 2,00,000 – Rs. 4,50,000",,,,,,,,,,,,,,,,,,,,,,,
Cystoscopy Cost in Hyderabad,"Rs. 15,000 - Rs. 65,000",,,,,,,,,,,,,,,,,,,,,,,
Cystoscopy  Cost in Raipur,"Rs. 15,000 - Rs. 70,000",,,,,,,,,,,,,,,,,,,,,,,
Cystoscopy Cost in Bhubaneshwar,"Rs. 12,000 - Rs. 80,000",,,,,,,,,,,,,,,,,,,,,,,
Cystoscopy Cost in Visakhapatnam,"Rs. 20,000 - Rs. 55,000",,,,,,,,,,,,,,,,,,,,,,,
Cystoscopy Cost in Nagpur,"Rs. 15,000 - Rs. 60,000",,,,,,,,,,,,,,,,,,,,,,,
Cystoscopy Cost in Indore,"Rs. 15,000 - Rs. 80,000",,,,,,,,,,,,,,,,,,,,,,,
Cystoscopy Cost in Aurangabad,"Rs. 20,000 - Rs. 70,000",,,,,,,,,,,,,,,,,,,,,,,
Cystoscopy Cost in India,"Rs. 15,000 - Rs. 80,000",,,,,,,,,,,,,,,,,,,,,,,
Capsule Endoscopy Cost in Hyderabad,"Rs. 70,000 to Rs. 1,80,000",,,,,,,,,,,,,,,,,,,,,,,
Capsule Endoscopy Cost in Raipur,"Rs. 60,000 to Rs. 1,50,000",,,,,,,,,,,,,,,,,,,,,,,
Capsule Endoscopy Cost in Bhubaneswar,"Rs. 60,000 to Rs. 1,50,000",,,,,,,,,,,,,,,,,,,,,,,
Capsule Endoscopy Cost in Visakhapatnam,"Rs. 60,000 to Rs. 1,50,000",,,,,,,,,,,,,,,,,,,,,,,
Capsule Endoscopy Cost in Nagpur,"Rs. 50,000 to Rs. 1,40,000",,,,,,,,,,,,,,,,,,,,,,,
Capsule Endoscopy Cost in Indore,"Rs. 50,000 to Rs. 1,30,000",,,,,,,,,,,,,,,,,,,,,,,
Capsule Endoscopy Cost in Aurangabad,"Rs. 60,000 – Rs. 1,30,000",,,,,,,,,,,,,,,,,,,,,,,
Capsule Endoscopy Cost in India,"Rs. 50,000 to Rs. 1,80,000",,,,,,,,,,,,,,,,,,,,,,,
Coronary Angioplasty Cost in Hyderabad,Rs. 199000/-,,,,,,,,,,,,,,,,,,,,,,,
Coronary Angioplasty Cost in Raipur,Rs. 179000/-,,,,,,,,,,,,,,,,,,,,,,,
Coronary Angioplasty Cost in Bhubaneswar,Rs. 180000/-,,,,,,,,,,,,,,,,,,,,,,,
Coronary Angioplasty Cost in Visakhapatnam,Rs. 178000/-,,,,,,,,,,,,,,,,,,,,,,,
Coronary Angioplasty Cost in Nagpur,Rs. 160000/-,,,,,,,,,,,,,,,,,,,,,,,
Coronary Angioplasty Cost in Indore,"Rs. 1,80,000/-",,,,,,,,,,,,,,,,,,,,,,,
Coronary Angioplasty Cost in Aurangabad,Rs. 200000/-,,,,,,,,,,,,,,,,,,,,,,,
Coronary Angioplasty Cost in India,Rs. 150000 /- - Rs. 220000/-,,,,,,,,,,,,,,,,,,,,,,,
Foetal echocardiography cost in Hyderabad,"Rs. 1,300 - Rs. 5,000",,,,,,,,,,,,,,,,,,,,,,,
Foetal echocardiography cost in Raipur,"Rs. 1,300 - Rs. 4,500",,,,,,,,,,,,,,,,,,,,,,,
Foetal echocardiography cost in Bhubaneswar,"Rs. 1,300 - Rs. 5,000",,,,,,,,,,,,,,,,,,,,,,,
Foetal echocardiography cost in Visakhapatnam,"Rs. 1,300 - Rs. 5,500",,,,,,,,,,,,,,,,,,,,,,,
Foetal echocardiography cost in Nagpur,"Rs. 1,300 - Rs. 3,500",,,,,,,,,,,,,,,,,,,,,,,
Foetal echocardiography cost in Indore,"Rs. 1,300 - Rs. 3,500",,,,,,,,,,,,,,,,,,,,,,,
Foetal echocardiography cost in Aurangabad,"Rs. 1,300 - Rs. 3,500",,,,,,,,,,,,,,,,,,,,,,,
Foetal echocardiography cost in India,"Rs. 1,300 - Rs. 5,500",,,,,,,,,,,,,,,,,,,,,,,
FESS cost in Hyderabad,"Rs. 38,000 - Rs. 1,50,000",,,,,,,,,,,,,,,,,,,,,,,
FESS cost in Raipur,"Rs. 38,000 - Rs. 70,000",,,,,,,,,,,,,,,,,,,,,,,
FESS cost in Bhubaneswar,"Rs. 38,000 - Rs. 70,000",,,,,,,,,,,,,,,,,,,,,,,
FESS cost in Visakhapatnam,"Rs. 38,000 - Rs. 70,000",,,,,,,,,,,,,,,,,,,,,,,
FESS cost in Nagpur,"Rs. 38,000 - Rs. 90,000",,,,,,,,,,,,,,,,,,,,,,,
FESS cost in Indore,"Rs. 38,000 - Rs. 65,000",,,,,,,,,,,,,,,,,,,,,,,
FESS cost in Aurangabad,"Rs. 38,000 - Rs. 90,000",,,,,,,,,,,,,,,,,,,,,,,
FESS cost in India,"Rs. 38,000 - Rs. 1,50,000",,,,,,,,,,,,,,,,,,,,,,,
Kidney transplant cost in Hyderabad,"Rs. 6,20,000 to Rs.10,00,000",,,,,,,,,,,,,,,,,,,,,,,
Kidney transplant cost in Raipur,"Rs. 6,20,000 to Rs. 9,00,000",,,,,,,,,,,,,,,,,,,,,,,
Kidney transplant cost in Bhubaneswar,"Rs. 6,20,000 to Rs. 8,00,000",,,,,,,,,,,,,,,,,,,,,,,
Kidney transplant cost in Visakhapatnam,"Rs. 6,20,000 to Rs. 9,75,000",,,,,,,,,,,,,,,,,,,,,,,
Kidney transplant cost in Nagpur,"Rs. 6,20,000 to Rs. 10,00,000",,,,,,,,,,,,,,,,,,,,,,,
Kidney transplant cost in Indore,"Rs.6,20,000 to Rs. 9,00,000",,,,,,,,,,,,,,,,,,,,,,,
Kidney transplant cost in Aurangabad,"Rs.6,20,000 to Rs. 9,00,000",,,,,,,,,,,,,,,,,,,,,,,
Kidney transplant cost in India,"Rs. 6,20,000 to Rs. 12,00,000",,,,,,,,,,,,,,,,,,,,,,,
Laser hair removal cost in Hyderabad,"Rs. 2,000 to Rs. 45,000",,,,,,,,,,,,,,,,,,,,,,,
Laser hair removal cost in Raipur,"Rs. 2,000 to Rs. 10,000",,,,,,,,,,,,,,,,,,,,,,,
Laser hair removal cost in Bhubaneswar,"Rs. 2,000 to Rs. 25,000",,,,,,,,,,,,,,,,,,,,,,,
Laser hair removal cost in Visakhapatnam,"Rs. 2,000 to Rs. 12,000",,,,,,,,,,,,,,,,,,,,,,,
Laser hair removal cost in Nagpur,"Rs. 2,000 to Rs. 20,000",,,,,,,,,,,,,,,,,,,,,,,
Laser hair removal cost in Indore,"Rs. 2,000 to Rs. 25,000",,,,,,,,,,,,,,,,,,,,,,,
Laser hair removal cost in Aurangabad,"Rs. 2,000 to Rs. 10,000",,,,,,,,,,,,,,,,,,,,,,,
Laser hair removal cost in India,"Rs. 2,000 to Rs. 50,000",,,,,,,,,,,,,,,,,,,,,,,
Knee replacement cost in Hyderabad,"Rs. 1,50,000 to Rs. 5,50,000",,,,,,,,,,,,,,,,,,,,,,,
Knee replacement cost in Raipur,"Rs. 1,50,000 to Rs. 4,00,000",,,,,,,,,,,,,,,,,,,,,,,
Knee replacement cost in Bhubaneswar,"Rs. 1,50,000 to Rs. 4,00,000",,,,,,,,,,,,,,,,,,,,,,,
Knee replacement cost in Visakhapatnam,"Rs. 1,50,000 to Rs. 4,00,000",,,,,,,,,,,,,,,,,,,,,,,
Knee replacement cost in Nagpur,"Rs. 1,50,000 to Rs. 5,50,000",,,,,,,,,,,,,,,,,,,,,,,
Knee replacement cost in Indore,"Rs. 1,50,000 to Rs. 5,25,000",,,,,,,,,,,,,,,,,,,,,,,
Knee replacement cost in Aurangabad,"Rs. 1,50,000 to Rs. 3,50,000",,,,,,,,,,,,,,,,,,,,,,,
Knee replacement cost in India,"Rs. 1,50,000 to Rs. 6,00,000",,,,,,,,,,,,,,,,,,,,,,,
Liposuction cost in Hyderabad,"Rs. 50,000 to Rs. 2,50,000",,,,,,,,,,,,,,,,,,,,,,,
Liposuction cost in Raipur,"Rs. 50,000 to Rs. 1,50,000",,,,,,,,,,,,,,,,,,,,,,,
Liposuction cost in Bhubaneswar,"Rs. 50,000 to Rs. 1,50,000",,,,,,,,,,,,,,,,,,,,,,,
Liposuction cost in Visakhapatnam,"Rs. 50,000 to Rs. 2,50,000",,,,,,,,,,,,,,,,,,,,,,,
Liposuction cost in Nagpur,"Rs. 50,000 to Rs. 2,00,000",,,,,,,,,,,,,,,,,,,,,,,
Liposuction cost in Indore,"Rs. 50,000 to Rs. 2,00,000",,,,,,,,,,,,,,,,,,,,,,,
Liposuction cost in Aurangabad,"Rs. 50,000 to Rs. 1,80,000",,,,,,,,,,,,,,,,,,,,,,,
Liposuction cost in India,"Rs. 50,000 to Rs. 2,50,000",,,,,,,,,,,,,,,,,,,,,,,
Myomectomy cost in Hyderabad,"Rs. 40,000 - Rs. 1,80,000",,,,,,,,,,,,,,,,,,,,,,,
Myomectomy cost in Raipur,"Rs. 40,000 -  Rs. 1,00,000",,,,,,,,,,,,,,,,,,,,,,,
Myomectomy cost in Bhubaneshwar,"Rs. 40,000 - Rs. 1,80,000",,,,,,,,,,,,,,,,,,,,,,,
Myomectomy cost in Visakhapatnam,"Rs. 40,000 - Rs. 1,80,000",,,,,,,,,,,,,,,,,,,,,,,
Myomectomy cost in Nagpur,"Rs. 40,000 - Rs. 1,70,000",,,,,,,,,,,,,,,,,,,,,,,
Myomectomy cost in Indore,"Rs. 40,000 - Rs. 1,50,000",,,,,,,,,,,,,,,,,,,,,,,
Myomectomy cost in Aurangabad,"Rs. 40,000 - Rs. 1,50,000",,,,,,,,,,,,,,,,,,,,,,,
Myomectomy cost in India,"Rs. 40,000 - Rs. 2,00,000",,,,,,,,,,,,,,,,,,,,,,,
Kidney stone removal cost in Hyderabad,"Rs. 50,000 to Rs. 2,00,000",,,,,,,,,,,,,,,,,,,,,,,
Kidney stone removal cost in Raipur,"Rs. 50,000 to Rs. 1,50,000",,,,,,,,,,,,,,,,,,,,,,,
Kidney stone removal cost in Bhubaneswar,"Rs. 50,000 to Rs. 1,80,000",,,,,,,,,,,,,,,,,,,,,,,
Kidney stone removal cost in Visakhapatnam,"Rs. 50,000 to Rs. 1,80,000",,,,,,,,,,,,,,,,,,,,,,,
Kidney stone removal cost in Nagpur,"Rs. 50,000 to Rs. 1,80,000",,,,,,,,,,,,,,,,,,,,,,,
Kidney stone removal cost in Indore,"Rs. 50,000 to Rs. 2,00,000",,,,,,,,,,,,,,,,,,,,,,,
Kidney stone removal cost in Aurangabad,"Rs. 50,000 to Rs. 1,40,000",,,,,,,,,,,,,,,,,,,,,,,
Kidney stone removal cost in India,"Rs. 50,000 to Rs. 2,50,000",,,,,,,,,,,,,,,,,,,,,,,
Microlaryngeal surgery cost in Hyderabad,"Rs. 50,000 - Rs. 80,000",,,,,,,,,,,,,,,,,,,,,,,
Microlaryngeal surgery cost in India,"Rs. 50,000 - Rs. 90,000",,,,,,,,,,,,,,,,,,,,,,,
Kidney stone scan cost in Hyderabad,"Rs. 1,500 - Rs. 5,000",,,,,,,,,,,,,,,,,,,,,,,
Kidney stone scan cost in Raipur,"Rs. 1,500 - Rs. 5,000",,,,,,,,,,,,,,,,,,,,,,,
Kidney stone scan cost in Bhubaneswar,"Rs. 1,500 - Rs. 5,000",,,,,,,,,,,,,,,,,,,,,,,
Kidney stone scan cost in Visakhapatnam,"Rs. 1,500 - Rs. 5,000",,,,,,,,,,,,,,,,,,,,,,,
Kidney stone scan cost in Nagpur,"Rs. 1,500 - Rs. 5,000",,,,,,,,,,,,,,,,,,,,,,,
Kidney stone scan cost in Indore,"Rs. 1,500 - Rs. 5,000",,,,,,,,,,,,,,,,,,,,,,,
Kidney stone scan cost in Aurangabad,"Rs. 1,500 - Rs. 5,000",,,,,,,,,,,,,,,,,,,,,,,
Kidney stone scan cost in India,"Rs. 1,500 - Rs. 5,000",,,,,,,,,,,,,,,,,,,,,,,
Mitral valve replacement surgery  cost in Hyderabad,"Rs. 2,00,000 and Rs. 4,50,000",,,,,,,,,,,,,,,,,,,,,,,
Mitral valve replacement surgery  cost in Raipur,"Rs. 2,00,000 and Rs. 3,50,000",,,,,,,,,,,,,,,,,,,,,,,
Mitral valve replacement surgery cost in Bhubaneswar,"Rs. 2,00,000 and Rs. 4,00,000",,,,,,,,,,,,,,,,,,,,,,,
Mitral valve replacement surgery cost in Visakhapatnam,"Rs. 2,00,000 and Rs. 4,00,000",,,,,,,,,,,,,,,,,,,,,,,
Mitral valve replacement surgery cost in Indore,"Rs. 2,00,000 and Rs. 3,50,000",,,,,,,,,,,,,,,,,,,,,,,
Mitral valve replacement surgery cost in Nagpur,"Rs. 2,00,000 and Rs. 3,90,000.",,,,,,,,,,,,,,,,,,,,,,,
Mitral valve replacement surgery cost in Aurangabad,"Rs. 2,00,000 and Rs. 3,40,000.",,,,,,,,,,,,,,,,,,,,,,,
Mitral valve replacement surgery cost in India,"Rs. 2,00,000 and Rs. 5,00,000.",,,,,,,,,,,,,,,,,,,,,,,
Knee arthroscopy cost in Hyderabad,"Rs. 70,000 - Rs. 2,50,000",,,,,,,,,,,,,,,,,,,,,,,
Knee arthroscopy cost in Raipur,"Rs. 70,000 - Rs. 2,40,000",,,,,,,,,,,,,,,,,,,,,,,
Knee arthroscopy cost in Bhubaneswar,"Rs. 70,000 - Rs. 2,00,000",,,,,,,,,,,,,,,,,,,,,,,
Knee arthroscopy cost in Visakhapatnam,"Rs. 70,000 - Rs. 2,00,000",,,,,,,,,,,,,,,,,,,,,,,
Knee arthroscopy cost in Nagpur,"Rs. 70,000 - Rs. 1,80,000",,,,,,,,,,,,,,,,,,,,,,,
Knee arthroscopy cost in Indore,"Rs. 70,000 - Rs. 2,00,000",,,,,,,,,,,,,,,,,,,,,,,
Knee arthroscopy cost in Aurangabad,"Rs. 70,000 - Rs. 2,00,000",,,,,,,,,,,,,,,,,,,,,,,
Knee arthroscopy cost in India,"Rs. 70,000 - Rs. 2,50,000",,,,,,,,,,,,,,,,,,,,,,,
Kyphoplasty  cost in Hyderabad,"Rs. 1,00,000 to Rs. 3,00,000",,,,,,,,,,,,,,,,,,,,,,,
Kyphoplasty  cost in Raipur,"Rs. 1,00,000 to Rs. 2,00,000",,,,,,,,,,,,,,,,,,,,,,,
Kyphoplasty cost in Bhubaneswar,"Rs. 1,10,000 to Rs. 2,50,000",,,,,,,,,,,,,,,,,,,,,,,
Kyphoplasty cost in Visakhapatnam,"Rs. 75,000 to Rs. 2,00,000",,,,,,,,,,,,,,,,,,,,,,,
Kyphoplasty cost in Indore,"Rs. 1,00,000 to Rs. 2,00,000",,,,,,,,,,,,,,,,,,,,,,,
Kyphoplasty cost in Nagpur,"Rs. 1,00,000 to Rs. 3,00,000",,,,,,,,,,,,,,,,,,,,,,,
Kyphoplasty cost in Aurangabad,"Rs. 1,00,000 to Rs. 2,50,000",,,,,,,,,,,,,,,,,,,,,,,
Kyphoplasty cost in India,"Rs. 1,00,000 to Rs. 4,00,000",,,,,,,,,,,,,,,,,,,,,,,
Lip Reduction Surgery Cost in Hyderabad,"Rs. 20,000 - Rs. 80,000",,,,,,,,,,,,,,,,,,,,,,,
Lip Reduction Surgery Cost in Raipur,"Rs. 20,000 - Rs. 80,000",,,,,,,,,,,,,,,,,,,,,,,
Lip Reduction Surgery Cost in Bhubaneshwar,"Rs. 18,000 - Rs. 80,000",,,,,,,,,,,,,,,,,,,,,,,
Lip Reduction Surgery Cost in Visakhapatnam,"Rs. 22,000 - Rs. 60,000",,,,,,,,,,,,,,,,,,,,,,,
Lip Reduction Surgery Cost in Nagpur,"Rs. 20,000 - Rs. 50,000",,,,,,,,,,,,,,,,,,,,,,,
Lip Reduction Surgery Cost in Indore,"Rs. 20,000 - Rs. 80,000",,,,,,,,,,,,,,,,,,,,,,,
Lip Reduction Surgery Cost in Aurangabad,"Rs. 30,000 - Rs. 50,000",,,,,,,,,,,,,,,,,,,,,,,
Lip Reduction Surgery Cost in India,"Rs. 18,000 - Rs. 80,000",,,,,,,,,,,,,,,,,,,,,,,
Spine decompression surgery cost in Hyderabad,"Rs. 2,50,000 and Rs. 5,00,000",,,,,,,,,,,,,,,,,,,,,,,
Spine decompression surgery cost in Raipur,"Rs. 2,50,000 and Rs. 3,80,000",,,,,,,,,,,,,,,,,,,,,,,
Spine decompression surgery cost in Bhubaneswar,"Rs. 2,50,000 and Rs. 4,50,000",,,,,,,,,,,,,,,,,,,,,,,
Spine decompression surgery cost in Visakhapatnam,"Rs. 2,00,000 and Rs. 4,50,000",,,,,,,,,,,,,,,,,,,,,,,
Spine decompression surgery cost in Indore,"Rs. 2,50,000 and Rs. 4,00,000",,,,,,,,,,,,,,,,,,,,,,,
Spine decompression surgery cost in Nagpur,"Rs. 2,50,000 and Rs. 4,90,000.",,,,,,,,,,,,,,,,,,,,,,,
Spine decompression surgery cost in Aurangabad,"Rs. 2,50,000 and Rs. 4,00,000.",,,,,,,,,,,,,,,,,,,,,,,
Spine decompression surgery cost in India,"Rs. 2,00,000 and Rs. 5,00,000.",,,,,,,,,,,,,,,,,,,,,,,
Laparoscopy Surgery Cost in Hyderabad,"Rs. 3,00,00 to Rs. 1,90,000",,,,,,,,,,,,,,,,,,,,,,,
Laparoscopy Surgery Cost in Raipur,"Rs. 30,000 to Rs. 1,80,000",,,,,,,,,,,,,,,,,,,,,,,
Laparoscopy Surgery Cost in Bhubaneswar,"Rs. 30,000 to Rs. 1,90,000",,,,,,,,,,,,,,,,,,,,,,,
Laparoscopy Surgery Cost in Visakhapatnam,"Rs. 30,000 to Rs. 1,80,000",,,,,,,,,,,,,,,,,,,,,,,
Laparoscopy Surgery Cost in Nagpur,"Rs, 30,000 to Rs. 1,50,000",,,,,,,,,,,,,,,,,,,,,,,
Laparoscopy Surgery Cost in Indore,"Rs. 30,000 to Rs. 1,90,000",,,,,,,,,,,,,,,,,,,,,,,
Laparoscopy Surgery Cost in Aurangabad,"Rs. 30,000 to Rs. 1,90,000",,,,,,,,,,,,,,,,,,,,,,,
Laparoscopy Surgery Cost in India,"Rs. 30,000 to Rs. 1,90,000",,,,,,,,,,,,,,,,,,,,,,,
LASIK Eye Surgery Cost in Hyderabad,"Rs. 55,000/-",,,,,,,,,,,,,,,,,,,,,,,
LASIK Eye Surgery Cost in Raipur,"Rs. 50,000/-",,,,,,,,,,,,,,,,,,,,,,,
LASIK Eye Surgery Cost in Bhubaneswar,"Rs. 50,000/-",,,,,,,,,,,,,,,,,,,,,,,
LASIK Eye Surgery Cost in Visakhapatnam,"Rs. 43,000/-",,,,,,,,,,,,,,,,,,,,,,,
LASIK Eye Surgery Cost in Nagpur,"Rs. 45,000/-",,,,,,,,,,,,,,,,,,,,,,,
LASIK Eye Surgery Cost in Indore,"Rs. 50,000/-",,,,,,,,,,,,,,,,,,,,,,,
LASIK Eye Surgery Cost in Aurangabad,"Rs. 50,000/-",,,,,,,,,,,,,,,,,,,,,,,
LASIK Eye Surgery Cost in India,"Rs. 40,000/-  - Rs. 60,000/-",,,,,,,,,,,,,,,,,,,,,,,
Lithotripsy Cost in Hyderabad,"Rs. 55,000/-",,,,,,,,,,,,,,,,,,,,,,,
Lithotripsy Cost in Raipur,"Rs. 45,000/-",,,,,,,,,,,,,,,,,,,,,,,
Lithotripsy Cost in Bhubaneswar,"Rs. 45,000/-",,,,,,,,,,,,,,,,,,,,,,,
Lithotripsy Cost in Visakhapatnam,"Rs. 40,000/-",,,,,,,,,,,,,,,,,,,,,,,
Lithotripsy Cost in Nagpur,"Rs. 40,000/-",,,,,,,,,,,,,,,,,,,,,,,
Lithotripsy Cost in Indore,"Rs. 45,000/-",,,,,,,,,,,,,,,,,,,,,,,
Lithotripsy Cost in Aurangabad,"Rs. 45,000/-",,,,,,,,,,,,,,,,,,,,,,,
Lithotripsy Cost in India,"Rs. 40,000/- - Rs. 55,000/-",,,,,,,,,,,,,,,,,,,,,,,
Neck surgery cost in Hyderabad,"Rs. 2,00,000 - Rs. 4,60,000",,,,,,,,,,,,,,,,,,,,,,,
Neck surgery cost in Raipur,"Rs. 2,00,000 - Rs. 4,00,000",,,,,,,,,,,,,,,,,,,,,,,
Neck surgery cost in Bhubaneswar,"Rs. 2,00,000 - Rs. 4,00,000",,,,,,,,,,,,,,,,,,,,,,,
Neck surgery cost in Visakhapatnam,"Rs. 2,00,000 - Rs. 4,60,000",,,,,,,,,,,,,,,,,,,,,,,
Neck surgery cost in Nagpur,"Rs. 2,00,000 - Rs. 4,60,000",,,,,,,,,,,,,,,,,,,,,,,
Neck surgery cost in Indore,"Rs. 2,00,000 - Rs. 4,00,000",,,,,,,,,,,,,,,,,,,,,,,
Neck surgery cost in Aurangabad,"Rs. 2,00,000 - Rs. 4,00,000",,,,,,,,,,,,,,,,,,,,,,,
Neck surgery cost in India,"Rs. 2,00,000 - Rs. 5,00,000",,,,,,,,,,,,,,,,,,,,,,,
Oral cancer treatment cost in Hyderabad,"Rs. 1,00,000 to Rs. 4,00,000.",,,,,,,,,,,,,,,,,,,,,,,
Oral cancer treatment cost in Raipur,"Rs. 1,00,000 to Rs. 3,50,000",,,,,,,,,,,,,,,,,,,,,,,
Oral cancer treatment cost in Bhubaneswar,"Rs. 1,00,000 to Rs. 4,00,000",,,,,,,,,,,,,,,,,,,,,,,
Oral cancer treatment cost in Visakhapatnam,"Rs. 1,00,000 to Rs. 3,00,000",,,,,,,,,,,,,,,,,,,,,,,
Oral cancer treatment cost in Nagpur,"Rs. 1,00,000 to Rs. 3,50,000",,,,,,,,,,,,,,,,,,,,,,,
Oral cancer treatment cost in Indore,"Rs. 1,00,000 to Rs. 3,00,000",,,,,,,,,,,,,,,,,,,,,,,
Oral cancer treatment cost in Aurangabad,"Rs. 1,00,000 to Rs. 3,00,000",,,,,,,,,,,,,,,,,,,,,,,
Oral cancer treatment cost in India,"Rs. 1,00,000 to Rs. 5,00,000",,,,,,,,,,,,,,,,,,,,,,,
Piles surgery cost in Hyderabad,"Rs. 30,000 to Rs. 1,20,000",,,,,,,,,,,,,,,,,,,,,,,
Piles surgery cost in Raipur,"Rs. 30,000 to Rs. 90,000",,,,,,,,,,,,,,,,,,,,,,,
Piles surgery cost in Bhubaneswar,"Rs. 30,000 to Rs. 1,20,000",,,,,,,,,,,,,,,,,,,,,,,
Piles surgery cost in Visakhapatnam,"Rs. 30,000 to Rs. 1,20,000",,,,,,,,,,,,,,,,,,,,,,,
Piles surgery cost in Nagpur,"Rs. 30,000 to Rs. 1,00,000",,,,,,,,,,,,,,,,,,,,,,,
Piles surgery cost in Indore,"Rs. 30,000 to Rs. 1,10,000",,,,,,,,,,,,,,,,,,,,,,,
Piles surgery cost in Aurangabad,"Rs. 30,000 to Rs. 1,20,000",,,,,,,,,,,,,,,,,,,,,,,
Piles surgery cost in India,"Rs. 30,000 to Rs. 1,50,000",,,,,,,,,,,,,,,,,,,,,,,
Otoplasty cost in Hyderabad,"Rs. 40,000 - Rs. 1,80,000",,,,,,,,,,,,,,,,,,,,,,,
Otoplasty cost in Raipur,"Rs. 40,000 - Rs. 1,50,000",,,,,,,,,,,,,,,,,,,,,,,
Otoplasty cost in Bhubaneswar,"Rs. 40,000 - Rs. 1,60,000",,,,,,,,,,,,,,,,,,,,,,,
Otoplasty cost in Visakhapatnam,"Rs. 40,000 - Rs. 1,60,000",,,,,,,,,,,,,,,,,,,,,,,
Otoplasty cost in Nagpur,"Rs. 40,000 - Rs. 1,75,000",,,,,,,,,,,,,,,,,,,,,,,
Otoplasty cost in Indore,"Rs. 40,000 - Rs. 1,50,000",,,,,,,,,,,,,,,,,,,,,,,
Otoplasty cost in Aurangabad,"Rs. 40,000 - Rs. 1,50,000",,,,,,,,,,,,,,,,,,,,,,,
Otoplasty cost in India,"Rs. 40,000 - Rs. 1,75,000",,,,,,,,,,,,,,,,,,,,,,,
Pulmonary function test cost In India,"Rs. 1,200 to Rs. 2,500",,,,,,,,,,,,,,,,,,,,,,,
Pulmonary function test cost in Hyderabad,"Rs. 1,200 to Rs. 1,080",,,,,,,,,,,,,,,,,,,,,,,
Pulmonary function test cost in Raipur,"Rs. 1,200 to Rs. 2,000",,,,,,,,,,,,,,,,,,,,,,,
Pulmonary function test cost in Bhubaneswar,"Rs. 1,200 to Rs. 800",,,,,,,,,,,,,,,,,,,,,,,
Pulmonary function test cost in Visakhapatnam,"Rs. 1,200 to Rs. 2,500",,,,,,,,,,,,,,,,,,,,,,,
Pulmonary function test cost in Nagpur,"Rs. 1,200 to Rs. 900",,,,,,,,,,,,,,,,,,,,,,,
Pulmonary function test cost in Indore,"Rs. 1,200 to Rs. 2,000",,,,,,,,,,,,,,,,,,,,,,,
Pulmonary function test cost in Aurangabad,"Rs. 1,200 to Rs. 2,200",,,,,,,,,,,,,,,,,,,,,,,
Osteotomy Surgery Cost in Hyderabad,"Rs. 1,20,000 – Rs. 2,50,000",,,,,,,,,,,,,,,,,,,,,,,
Osteotomy Surgery Cost in Raipur,"Rs. 80,000 – Rs. 1,80,000",,,,,,,,,,,,,,,,,,,,,,,
Osteotomy Surgery Cost in Bhubaneshwar,"Rs. 1,00,000 – Rs. 2,20,000",,,,,,,,,,,,,,,,,,,,,,,
Osteotomy Surgery Cost in Visakhapatnam,"Rs. 1,00,000 – Rs. 1,80,000",,,,,,,,,,,,,,,,,,,,,,,
Osteotomy Surgery Cost in Nagpur,"Rs. 1,00,000 – Rs. 1,80,000",,,,,,,,,,,,,,,,,,,,,,,
Osteotomy Surgery Cost in Indore,"Rs. 80,000 – Rs. 1,80,000",,,,,,,,,,,,,,,,,,,,,,,
Osteotomy Surgery Cost in Aurangabad,"Rs. 80,000 – Rs. 1,80,000",,,,,,,,,,,,,,,,,,,,,,,
Osteotomy Surgery Cost in India,"Rs. 80,000 – Rs. 2,50,000",,,,,,,,,,,,,,,,,,,,,,,
Cost of prostate cancer treatment in Hyderabad,"Rs. 1,00,000 – Rs. 5,00,000",,,,,,,,,,,,,,,,,,,,,,,
Cost of prostate cancer treatment in Raipur,"Rs. 1,00,000 – Rs. 4,00,000",,,,,,,,,,,,,,,,,,,,,,,
Cost of prostate cancer treatment in Bhubaneswar,"Rs. 1,00,000 – Rs. 5,00,000",,,,,,,,,,,,,,,,,,,,,,,
Cost of prostate cancer treatment in Visakhapatnam,"Rs. 1,00,000 – Rs. 6,00,000",,,,,,,,,,,,,,,,,,,,,,,
Cost of prostate cancer treatment in Nagpur,"Rs. 1,00,000 – Rs. 5,00,000",,,,,,,,,,,,,,,,,,,,,,,
Cost of prostate cancer treatment in Indore,"Rs. 1,00,000 – Rs. 6,00,000",,,,,,,,,,,,,,,,,,,,,,,
Cost of prostate cancer treatment in Aurangabad,"Rs. 1,00,000 – Rs. 6,00,000",,,,,,,,,,,,,,,,,,,,,,,
Cost of prostate cancer treatment in India (average),"Rs. 1,00,000 - Rs. 7,00,000",,,,,,,,,,,,,,,,,,,,,,,
Ovarian cyst treatment cost in Hyderabad,"Rs. 60,000 - Rs. 1,80,000",,,,,,,,,,,,,,,,,,,,,,,
Ovarian cyst treatment cost in Nagpur,"Rs. 45,000 - Rs. 1,80,000",,,,,,,,,,,,,,,,,,,,,,,
Ovarian cyst treatment cost in Indore,"Rs. 35,000 - Rs. 1,80,000",,,,,,,,,,,,,,,,,,,,,,,
Ovarian cyst treatment cost in India,"Rs. 45,000 - Rs. 1,90,000",,,,,,,,,,,,,,,,,,,,,,,
Pilonidal Sinus Surgery Cost in Hyderabad,"Rs. 35000 - Rs. 80,000",,,,,,,,,,,,,,,,,,,,,,,
Pilonidal Sinus Surgery Cost in Raipur,"Rs. 30,000 - Rs. 80,000",,,,,,,,,,,,,,,,,,,,,,,
Pilonidal Sinus Surgery Cost in Bhubaneshwar,"Rs. 35,000 - Rs.  90,000",,,,,,,,,,,,,,,,,,,,,,,
Pilonidal Sinus Surgery Cost in Visakhapatnam,"Rs. 30,000 - Rs. 75,000",,,,,,,,,,,,,,,,,,,,,,,
Pilonidal Sinus Surgery Cost in Nagpur,"Rs. 30,000 - Rs. 80,000",,,,,,,,,,,,,,,,,,,,,,,
Pilonidal Sinus Surgery Cost in Indore,"Rs. 35,000 - Rs. 80,000",,,,,,,,,,,,,,,,,,,,,,,
Pilonidal Sinus Surgery Cost in Aurangabad,"Rs. 35,000 - Rs. 70,000",,,,,,,,,,,,,,,,,,,,,,,
Pilonidal Sinus Surgery Cost in India,"Rs. 30,000 - Rs. 90,000",,,,,,,,,,,,,,,,,,,,,,,
Rhinoplasty cost in Hyderabad,"Rs. 45,000 to Rs. 2,20,000",,,,,,,,,,,,,,,,,,,,,,,
Rhinoplasty cost in Raipur,"Rs. 50,000 to Rs. 2,00,000",,,,,,,,,,,,,,,,,,,,,,,
Rhinoplasty cost in Bhubaneswar,"Rs. 45,000 to Rs. 2,00,000",,,,,,,,,,,,,,,,,,,,,,,
Rhinoplasty cost in Visakhapatnam,"Rs. 45,000 to Rs. 1,80,000",,,,,,,,,,,,,,,,,,,,,,,
Rhinoplasty cost in Nagpur,"Rs. 45,000 to Rs. 2,20,000",,,,,,,,,,,,,,,,,,,,,,,
Rhinoplasty cost in Indore,"Rs. 45,000 to Rs. 2,00,000",,,,,,,,,,,,,,,,,,,,,,,
Rhinoplasty cost in Aurangabad,"Rs. 45,000 to Rs. 2,00,000",,,,,,,,,,,,,,,,,,,,,,,
Rhinoplasty cost in India,"Rs. 45,000 to Rs. 2,50,000",,,,,,,,,,,,,,,,,,,,,,,
Cost of sleep study in Hyderabad,"Rs. 6,000 – Rs. 30,000",,,,,,,,,,,,,,,,,,,,,,,
Cost of sleep study in Raipur,"Rs. 6,000 – Rs. 25,000",,,,,,,,,,,,,,,,,,,,,,,
Cost of sleep study in Bhubaneswar,"Rs. 6,000 – Rs. 30,000",,,,,,,,,,,,,,,,,,,,,,,
Cost of sleep study in Visakhapatnam,"Rs. 6,000 – Rs. 25,000",,,,,,,,,,,,,,,,,,,,,,,
Cost of sleep study in Nagpur,"Rs. 6,000 – Rs. 25,000",,,,,,,,,,,,,,,,,,,,,,,
Cost of sleep study in Indore,"Rs. 6,000 – Rs. 25,000",,,,,,,,,,,,,,,,,,,,,,,
Cost of sleep study in Aurangabad,"Rs. 6,000 – Rs. 25,000",,,,,,,,,,,,,,,,,,,,,,,
Cost of sleep study in India (average),"Rs. 6,000 – Rs. 35,000",,,,,,,,,,,,,,,,,,,,,,,
,,,,,,,,,,,,,,,,,,,,,,,,
,,,,,,,,,,,,,,,,,,,,,,,,
,,,,,,,,,,,,,,,,,,,,,,,,
,,,,,,,,,,,,,,,,,,,,,,,,
,,,,,,,,,,,,,,,,,,,,,,,,
,,,,,,,,,,,,,,,,,,,,,,,,
,,,,,,,,,,,,,,,,,,,,,,,,
,,,,,,,,,,,,,,,,,,,,,,,,
Radiation therapy cost in Hyderabad,"Rs. 2,50,000 to Rs. 20,00,000",,,,,,,,,,,,,,,,,,,,,,,
Radiation therapy cost in Raipur,"Rs. 2,50,000 to Rs. 14,00,000",,,,,,,,,,,,,,,,,,,,,,,
Radiation therapy cost in Bhubaneswar,"Rs. 2,50,000 to Rs. 15,00,000",,,,,,,,,,,,,,,,,,,,,,,
Radiation therapy cost in Visakhapatnam,"Rs. 2,50,000 to Rs. 15,00,000",,,,,,,,,,,,,,,,,,,,,,,
Radiation therapy cost in Nagpur,"Rs. 2,50,000 to Rs. 13,00,000",,,,,,,,,,,,,,,,,,,,,,,
Radiation therapy cost in Indore,"Rs. 2,50,000 to Rs. 14,00,000",,,,,,,,,,,,,,,,,,,,,,,
Radiation therapy cost in Aurangabad,"Rs. 2,50,000 to Rs. 12,00,000",,,,,,,,,,,,,,,,,,,,,,,
Radiation therapy cost in India,"Rs. 2,50,000 to Rs. 23,00,000",,,,,,,,,,,,,,,,,,,,,,,
Shoulder replacement surgery cost in Hyderabad,"Rs. 1,50,000 - Rs. 5,00,000",,,,,,,,,,,,,,,,,,,,,,,
Shoulder replacement surgery cost in Raipur,"Rs. 1,50,000 - Rs. 3,50,000",,,,,,,,,,,,,,,,,,,,,,,
Shoulder replacement surgery cost in Bhubaneshwar,"Rs. 1,50,000 - Rs. 4,50,000",,,,,,,,,,,,,,,,,,,,,,,
Shoulder replacement surgery cost in Visakhapatnam,"Rs. 1,50,000 - Rs. 4,50,000",,,,,,,,,,,,,,,,,,,,,,,
Shoulder replacement surgery cost in Nagpur,"Rs. 1,50,000 - Rs. 4,00,000",,,,,,,,,,,,,,,,,,,,,,,
Shoulder replacement surgery cost in Indore,"Rs. 1,50,000 - Rs. 3,50,000",,,,,,,,,,,,,,,,,,,,,,,
Shoulder replacement surgery cost in Aurangabad,"Rs. 1,50,000 - Rs. 4,50,000",,,,,,,,,,,,,,,,,,,,,,,
Shoulder replacement surgery cost in India,"Rs. 1,50,000 - Rs. 5,00,000",,,,,,,,,,,,,,,,,,,,,,,
TAVR cost in Hyderabad,"Rs. 3,00,000 - Rs. 5,00,000",,,,,,,,,,,,,,,,,,,,,,,
TAVR cost in Raipur,"Rs. 3,00,000 - Rs. 3,00,000",,,,,,,,,,,,,,,,,,,,,,,
TAVR cost in Bhubaneshwar,"Rs. 3,00,000 - Rs. 5,00,000",,,,,,,,,,,,,,,,,,,,,,,
TAVR cost in Visakhapatnam,"Rs. 3,00,000 - Rs. 5,00,000",,,,,,,,,,,,,,,,,,,,,,,
TAVR cost in Nagpur,"Rs. 3,00,000 - Rs. 4,00,000",,,,,,,,,,,,,,,,,,,,,,,
TAVR cost in Indore,"Rs. 3,00,000 - Rs. 4,00,000",,,,,,,,,,,,,,,,,,,,,,,
TAVR cost in Aurangabad,"Rs. 3,00,000 - Rs. 4,00,000",,,,,,,,,,,,,,,,,,,,,,,
TAVR cost in India,"Rs. 3,00,000 - Rs. 5,00,000",,,,,,,,,,,,,,,,,,,,,,,
Robotic surgery cost in Hyderabad,"Rs. 1,80,000 - Rs. 5,00,000",,,,,,,,,,,,,,,,,,,,,,,
Robotic surgery cost in Raipur,"Rs. 1,80,000 - Rs. 5,00,000",,,,,,,,,,,,,,,,,,,,,,,
Robotic surgery cost in Bhubaneswar,"Rs. 1,80,000 - Rs. 4,00,000",,,,,,,,,,,,,,,,,,,,,,,
Robotic surgery cost in Visakhapatnam,"Rs. 1,80,000 - Rs. 5,00,000",,,,,,,,,,,,,,,,,,,,,,,
Robotic surgery cost in Nagpur,"Rs. 1,80,000 - Rs. 5,00,000",,,,,,,,,,,,,,,,,,,,,,,
Robotic surgery cost in Indore,"Rs. 1,80,000 - Rs. 5,00,000",,,,,,,,,,,,,,,,,,,,,,,
Robotic surgery cost in Aurangabad,"Rs. 1,80,000 - Rs. 5,00,000",,,,,,,,,,,,,,,,,,,,,,,
Robotic surgery cost in India,"Rs. 1,80,000 - Rs. 5,00,000",,,,,,,,,,,,,,,,,,,,,,,
Sebaceous cyst removal cost in Hyderabad,"Rs. 15,000 - Rs. 1,00,000",,,,,,,,,,,,,,,,,,,,,,,
Sebaceous cyst removal cost in Bangalore,"Rs. 17,000 - Rs. 90,000",,,,,,,,,,,,,,,,,,,,,,,
Sebaceous cyst removal cost in Chennai,"Rs. 20,000 - Rs. 90,000",,,,,,,,,,,,,,,,,,,,,,,
Sebaceous cyst removal cost in Mumbai,"Rs. 20,000 - Rs. 1,20,000",,,,,,,,,,,,,,,,,,,,,,,
Sebaceous cyst removal cost in visakhapatnam,"Rs. 15,000 - Rs. 90,000",,,,,,,,,,,,,,,,,,,,,,,
Sebaceous cyst removal cost in Bhubaneswar,"Rs. 20,000 - Rs. 1,20,000",,,,,,,,,,,,,,,,,,,,,,,
Sebaceous cyst removal cost in India,"Rs. 15,000 - Rs.1,20,000",,,,,,,,,,,,,,,,,,,,,,,
,"Rs. 2,000 to Rs. 5,000",,,,,,,,,,,,,,,,,,,,,Front Tooth,,
,"Rs. 3,000 to Rs. 7,000",,,,,,,,,,,,,,,,,,,,,Premolar Tooth,,
,"Rs. 4,000 to Rs. 10,000",,,,,,,,,,,,,,,,,,,,,Molar Tooth,,
Sigmoidoscopy Price in Hyderabad,"Rs. 1,500 - Rs. 8,000",,,,,,,,,,,,,,,,,,,,,,,
Sigmoidoscopy Price in Raipur,"Rs. 1,500 - Rs. 10,000",,,,,,,,,,,,,,,,,,,,,,,
Sigmoidoscopy Price in Bhubaneshwar,"Rs. 2,000 - Rs. 10,000",,,,,,,,,,,,,,,,,,,,,,,
Sigmoidoscopy Price in Visakhapatnam,"Rs. 2,000 - Rs. 10,000",,,,,,,,,,,,,,,,,,,,,,,
Sigmoidoscopy Price in Nagpur,"Rs. 1,500 - Rs. 8,000",,,,,,,,,,,,,,,,,,,,,,,
Sigmoidoscopy Price in Indore,"Rs. 1,500 - Rs. 8,000",,,,,,,,,,,,,,,,,,,,,,,
Sigmoidoscopy Price in Aurangabad,"Rs. 2,000 - Rs. 10,000",,,,,,,,,,,,,,,,,,,,,,,
Sigmoidoscopy Price in India,"Rs. 1,500 - Rs. 10,000",,,,,,,,,,,,,,,,,,,,,,,
Thyroidectomy in Hyderabad,"Rs. 50,000 – Rs. 1,80,000",,,,,,,,,,,,,,,,,,,,,,,
Thyroidectomy in Raipur,"Rs. 50,000 – Rs. 1,20,000",,,,,,,,,,,,,,,,,,,,,,,
Thyroidectomy in Bhubaneshwar,"Rs. 50,000 – Rs. 1,80,000",,,,,,,,,,,,,,,,,,,,,,,
Thyroidectomy in Visakhapatnam,"Rs. 50,000 – Rs. 1,80,000",,,,,,,,,,,,,,,,,,,,,,,
Thyroidectomy in Nagpur,"Rs. 50,000 – Rs. 1,50,000",,,,,,,,,,,,,,,,,,,,,,,
Thyroidectomy in Indore,"Rs. 50,000 – Rs. 1,50,000",,,,,,,,,,,,,,,,,,,,,,,
Thyroidectomy in Aurangabad,"Rs. 50,000 – Rs. 1,50,000",,,,,,,,,,,,,,,,,,,,,,,
Thyroidectomy in India,"Rs. 50,000 – Rs. 1,80,000",,,,,,,,,,,,,,,,,,,,,,,
Skin Laser Treatment Price in Hyderabad,"Rs.3,500 - Rs.30,000",,,,,,,,,,,,,,,,,,,,,,,
Skin Laser Treatment Price in Raipur,"Rs.2,000 - Rs.30,000",,,,,,,,,,,,,,,,,,,,,,,
Skin Laser Treatment Price in Bhubaneshwar,"Rs.3,500 - Rs.30,000",,,,,,,,,,,,,,,,,,,,,,,
Skin Laser Treatment Price in Visakhapatnam,"Rs.2,000 - Rs.30,000",,,,,,,,,,,,,,,,,,,,,,,
Skin Laser Treatment Price in Nagpur,"Rs.2,000 - Rs.20,000",,,,,,,,,,,,,,,,,,,,,,,
Skin Laser Treatment Price in Indore,"Rs.2,000 - Rs.20,000",,,,,,,,,,,,,,,,,,,,,,,
Skin Laser Treatment Price in Aurangabad,"Rs.2,000 - Rs.25,000",,,,,,,,,,,,,,,,,,,,,,,
Skin Laser Treatment Price in India,"Rs.2,000 - Rs.30,000",,,,,,,,,,,,,,,,,,,,,,,
Tympanoplasty Surgery Cost in Hyderabad,"Rs.35,000 - Rs.80,000",,,,,,,,,,,,,,,,,,,,,,,
Tympanoplasty Surgery Cost in Raipur,"Rs.35,000 - Rs.70,000",,,,,,,,,,,,,,,,,,,,,,,
Tympanoplasty Surgery Cost in Bhubaneshwar,"Rs.35,000 - Rs.80,000",,,,,,,,,,,,,,,,,,,,,,,
Tympanoplasty Surgery Cost in Visakhapatnam,"Rs.30,000 - Rs.60,000",,,,,,,,,,,,,,,,,,,,,,,
Tympanoplasty Surgery Cost in Nagpur,"Rs.30,000 - Rs.50,000",,,,,,,,,,,,,,,,,,,,,,,
Tympanoplasty Surgery Cost in Indore,"Rs.30,000 - Rs.80,000",,,,,,,,,,,,,,,,,,,,,,,
Tympanoplasty Surgery Cost in Aurangabad,"Rs.30,000 - Rs.50,000",,,,,,,,,,,,,,,,,,,,,,,
Tympanoplasty Surgery Cost in India,"Rs.30,000 - Rs.80,000",,,,,,,,,,,,,,,,,,,,,,,
Spine Surgery Cost in Hyderabad,"Rs. 1,80,000 to Rs. 6,00,000",,,,,,,,,,,,,,,,,,,,,,,
Spine Surgery Cost in Raipur,"Rs. 1,50,000 to Rs. 4,50,000",,,,,,,,,,,,,,,,,,,,,,,
Spine Surgery Cost in Bhubaneswar,"Rs. 1,80,000 to Rs. 5,00,000",,,,,,,,,,,,,,,,,,,,,,,
Spine Surgery Cost in Visakhapatnam,"Rs. 1,80,000 to Rs. 4,80,000",,,,,,,,,,,,,,,,,,,,,,,
Spine Surgery Cost in Nagpur,"Rs. 1,50,000 to Rs. 4,00,000",,,,,,,,,,,,,,,,,,,,,,,
Spine Surgery Cost in Indore,"Rs. 1,80,000 to Rs. 5,50,000",,,,,,,,,,,,,,,,,,,,,,,
Spine Surgery Cost in Aurangabad,"Rs. 1,80,000 to Rs. 5,00,000",,,,,,,,,,,,,,,,,,,,,,,
Spine Surgery Cost in India,"Rs. 1,50,000 to Rs. 6,00,000",,,,,,,,,,,,,,,,,,,,,,,
,"20,000 - 100,000",,,,,,,,,,,,,,,,,,,,,,Metal braces,
,"35,000 - 90,000",,,,,,,,,,,,,,,,,,,,,,Ceramic braces,
,"Rs. 50,000/- - Rs. 95,000/-",,,,,,,,,,,,,,,,,,,,,,Lingual braces (invisible braces teeth cost),
,"Rs. 75,000/- - Rs. 3,00,000/-",,,,,,,,,,,,,,,,,,,,,,Clear aligners,
,"Rs. 60,000/- - Rs. 1,50,000/-",,,,,,,,,,,,,,,,,,,,,,Self-ligating,
Squint Eye Surgery Cost in Hyderabad,"Rs. 30,000 to Rs. 1,00,000",,,,,,,,,,,,,,,,,,,,,,,
Squint Eye Surgery Cost in Raipur,"Rs. 25,000 to Rs. 80,000",,,,,,,,,,,,,,,,,,,,,,,
Squint Eye Surgery Cost in Bhubaneswar,"Rs. 30,000 to Rs. 1,00,000",,,,,,,,,,,,,,,,,,,,,,,
Squint Eye Surgery Cost in Visakhapatnam,"Rs. 30,000 to Rs. 90,000",,,,,,,,,,,,,,,,,,,,,,,
Squint Eye Surgery Cost in Nagpur,"Rs. 25,000 to Rs. 90,000",,,,,,,,,,,,,,,,,,,,,,,
Squint Eye Surgery Cost in Indore,"Rs. 30,000 to Rs. 1,00,000",,,,,,,,,,,,,,,,,,,,,,,
Squint Eye Surgery Cost in Aurangabad,"Rs. 30,000 to Rs. 1,00,000",,,,,,,,,,,,,,,,,,,,,,,
Squint Eye Surgery Cost in India,"Rs. 25,000 to Rs.  1,00,000",,,,,,,,,,,,,,,,,,,,,,,
Ureteroscopy cost in Hyderabad,"Rs. 25,000 to Rs. 1,20,000.",,,,,,,,,,,,,,,,,,,,,,,
Ureteroscopy cost in Raipur,"Rs. 25,000 to Rs. 1,00,000",,,,,,,,,,,,,,,,,,,,,,,
Ureteroscopy cost in Bhubaneswar,"Rs. 25,000 to Rs. 1,00,000",,,,,,,,,,,,,,,,,,,,,,,
Ureteroscopy cost in Visakhapatnam,"Rs. 25,000 to Rs. 1,00,000",,,,,,,,,,,,,,,,,,,,,,,
Ureteroscopy cost in Nagpur,"Rs. 25,000 to Rs. 95,000",,,,,,,,,,,,,,,,,,,,,,,
Ureteroscopy cost in Indore,"Rs. 25,000 to Rs. 1,00,000",,,,,,,,,,,,,,,,,,,,,,,
Ureteroscopy cost in Aurangabad,"Rs. 25,000 to Rs. 1,00,000",,,,,,,,,,,,,,,,,,,,,,,
Ureteroscopy cost in India,"Rs. 25,000 to Rs. 1,25,000",,,,,,,,,,,,,,,,,,,,,,,
Varicose veins cost in Hyderabad,"Rs. 40,000 to Rs. 2,50,000",,,,,,,,,,,,,,,,,,,,,,,
Varicose veins cost in Raipur,"Rs. 40,000 to Rs. 2,00,000",,,,,,,,,,,,,,,,,,,,,,,
Varicose veins cost in Bhubaneswar,"Rs. 40,000 to Rs. 2,50,000",,,,,,,,,,,,,,,,,,,,,,,
Varicose veins cost in Visakhapatnam,"Rs. 40,000 to Rs. 2,50,000",,,,,,,,,,,,,,,,,,,,,,,
Varicose veins cost in Nagpur,"Rs. 40,000 to Rs. 2,00,000",,,,,,,,,,,,,,,,,,,,,,,
Varicose veins cost in Indore,"Rs. 40,000 to Rs. 1,50,000",,,,,,,,,,,,,,,,,,,,,,,
Varicose veins cost in Aurangabad,"Rs. 40,000 to Rs. 1,80,000",,,,,,,,,,,,,,,,,,,,,,,
Varicose veins cost in India,"Rs. 40,000  to Rs. 2,50,000",,,,,,,,,,,,,,,,,,,,,,,
Whipple surgery cost in Hyderabad,"Rs. 2,00,000 to Rs. 8,00,000",,,,,,,,,,,,,,,,,,,,,,,
Whipple surgery cost in Raipur,"Rs. 2,00,000 to Rs. 5,00,000",,,,,,,,,,,,,,,,,,,,,,,
Whipple surgery cost in Bhubaneswar,"Rs. 2,00,000 to Rs. 7,00,000",,,,,,,,,,,,,,,,,,,,,,,
Whipple surgery cost in Visakhapatnam,"Rs. 2,00,000 to Rs. 7,00,000",,,,,,,,,,,,,,,,,,,,,,,
Whipple surgery cost in Nagpur,"Rs. 2,00,000 to Rs. 5,50,000",,,,,,,,,,,,,,,,,,,,,,,
Whipple surgery cost in Indore,"Rs. 2,00,000 to Rs. 6,00,000",,,,,,,,,,,,,,,,,,,,,,,
Whipple surgery cost in Aurangabad,"Rs. 2,00,000 to Rs. 6,00,000",,,,,,,,,,,,,,,,,,,,,,,
Whipple surgery cost in India,"Rs. 2,00,000 to Rs. 8,00,000",,,,,,,,,,,,,,,,,,,,,,,
Vaginoplasty cost in Hyderabad,"Rs. 50,000 to Rs. 1,20,000",,,,,,,,,,,,,,,,,,,,,,,
Vaginoplasty cost in Raipur,"Rs. 50,000 to Rs. 80,000",,,,,,,,,,,,,,,,,,,,,,,
Vaginoplasty cost in Bhubaneswar,"Rs. 50,000 to Rs. 1,20,000",,,,,,,,,,,,,,,,,,,,,,,
Vaginoplasty cost in Visakhapatnam,"Rs. 50,000 to Rs. 1,20,000",,,,,,,,,,,,,,,,,,,,,,,
Vaginoplasty cost in Nagpur,"Rs. 50,000 to Rs. 90,000",,,,,,,,,,,,,,,,,,,,,,,
Vaginoplasty cost in Indore,"Rs. 50,000 to Rs. 90,000",,,,,,,,,,,,,,,,,,,,,,,
Vaginoplasty cost in Aurangabad,"Rs. 50,000 to Rs. 90,000",,,,,,,,,,,,,,,,,,,,,,,
Vaginoplasty cost in India,"Rs. 50,000 to Rs. 1,20,000",,,,,,,,,,,,,,,,,,,,,,,
Varicocelectomy cost in Hyderabad,"Rs. 35,000 - Rs. 80,000",,,,,,,,,,,,,,,,,,,,,,,
Varicocelectomy cost in Raipur,"Rs. 35,000 - Rs. 80,000",,,,,,,,,,,,,,,,,,,,,,,
Varicocelectomy cost in Bhubaneshwar,"Rs. 35,000 - Rs. 90,000",,,,,,,,,,,,,,,,,,,,,,,
Varicocelectomy cost in Visakhapatnam,"Rs. 35,000 - Rs. 90,000",,,,,,,,,,,,,,,,,,,,,,,
Varicocelectomy cost in Nagpur,"Rs. 35,000 - Rs. 90,000",,,,,,,,,,,,,,,,,,,,,,,
Varicocelectomy cost in Indore,"Rs. 35,000 – Rs. 90,000",,,,,,,,,,,,,,,,,,,,,,,
Varicocelectomy cost in Aurangabad,"Rs. 35,000 – Rs. 90,000",,,,,,,,,,,,,,,,,,,,,,,
Varicocelectomy cost in India,"Rs. 35,000 – Rs. 1,20,000",,,,,,,,,,,,,,,,,,,,,,,
Vertebroplasty cost in Hyderabad,"Rs. 2,50,000 – Rs. 8,00,000",,,,,,,,,,,,,,,,,,,,,,,
Vertebroplasty cost in Raipur,"Rs. 2,50,000 – Rs. 8,00,000",,,,,,,,,,,,,,,,,,,,,,,
Vertebroplasty cost in Bhubaneshwar,"Rs. 2,50,000 – Rs. 8,00,000",,,,,,,,,,,,,,,,,,,,,,,
Vertebroplasty cost in Visakhapatnam,"Rs. 2,50,000 – Rs. 8,00,000",,,,,,,,,,,,,,,,,,,,,,,
Vertebroplasty cost in Nagpur,"Rs. 2,50,000 – Rs. 8,00,000",,,,,,,,,,,,,,,,,,,,,,,
Vertebroplasty cost in Indore,"Rs. 2,50,000 – Rs. 8,00,000",,,,,,,,,,,,,,,,,,,,,,,
Vertebroplasty cost in Aurangabad,"Rs. 2,50,000 – Rs. 8,00,000",,,,,,,,,,,,,,,,,,,,,,,
Vertebroplasty cost in India,"Rs. 2,50,000 – Rs. 8,00,000",,,,,,,,,,,,,,,,,,,,,,,
Vocal cord surgery cost in Hyderabad,"Rs. 60,000 - Rs. 150,000",,,,,,,,,,,,,,,,,,,,,,,
Vocal cord surgery cost in Raipur,"Rs. 60,000 - Rs. 150,000",,,,,,,,,,,,,,,,,,,,,,,
Vocal cord surgery cost in Bhubaneshwar,"Rs. 60,000 - Rs. 150,000",,,,,,,,,,,,,,,,,,,,,,,
Vocal cord surgery cost in Visakhapatnam,"Rs. 60,000 - Rs. 150,000",,,,,,,,,,,,,,,,,,,,,,,
Vocal cord surgery cost in Nagpur,"Rs. 60,000 - Rs. 120,000",,,,,,,,,,,,,,,,,,,,,,,
Vocal cord surgery cost in Indore,"Rs. 60,000 - Rs. 100,000",,,,,,,,,,,,,,,,,,,,,,,
Vocal cord surgery cost in Aurangabad,"Rs. 60,000 - Rs. 150,000",,,,,,,,,,,,,,,,,,,,,,,
Vocal cord surgery cost in India,"Rs. 60,000 - Rs. 150,000",,,,,,,,,,,,,,,,,,,,,,,
Vasectomy reversal cost in Hyderabad,"Rs. 25,000 – Rs. 1,00,000",,,,,,,,,,,,,,,,,,,,,,,
Vasectomy reversal cost in Raipur,"Rs. 25,000 – Rs. 80,000",,,,,,,,,,,,,,,,,,,,,,,
Vasectomy reversal cost in Bhubaneswar,"Rs. 25,000 – Rs. 1,00,000",,,,,,,,,,,,,,,,,,,,,,,
Vasectomy reversal cost in Visakhapatnam,"Rs. 25,000 – Rs. 1,00,000",,,,,,,,,,,,,,,,,,,,,,,
Vasectomy reversal cost in Nagpur,"Rs. 25,000 – Rs. 80,000",,,,,,,,,,,,,,,,,,,,,,,
Vasectomy reversal cost in Indore,"Rs. 25,000 – Rs. 80,000",,,,,,,,,,,,,,,,,,,,,,,
Vasectomy reversal cost in Aurangabad,"Rs. 25,000 – Rs. 80,000",,,,,,,,,,,,,,,,,,,,,,,
Vasectomy reversal cost in India,"Rs. 25,000 – Rs. 1,20,000",,,,,,,,,,,,,,,,,,,,,,,
Gastric bypass Surgery Cost in Hyderabad,"Rs. 3,00,000 to Rs. 6,00,000",,,,,,,,,,,,,,,,,,,,,,,
Gastric bypass Surgery Cost in Raipur,"Rs. 2,50,000 to Rs. 4,00,000",,,,,,,,,,,,,,,,,,,,,,,
Gastric bypass Surgery Cost in Bhubaneswar,"Rs. 2,90,000 to Rs. 5,50,000",,,,,,,,,,,,,,,,,,,,,,,
Gastric bypass Surgery Cost in Visakhapatnam,"Rs. 2,50,000 to Rs. 4,50,000",,,,,,,,,,,,,,,,,,,,,,,
Gastric bypass Surgery Cost in Nagpur,"Rs. 2,50,000 to Rs. 4,00,000",,,,,,,,,,,,,,,,,,,,,,,
Gastric bypass Surgery Cost in Indore,"Rs. 2,80,000 to Rs. 5,50,000",,,,,,,,,,,,,,,,,,,,,,,
Gastric bypass Surgery Cost in Aurangabad,"Rs. 2,80,000 to Rs. 5,50,000",,,,,,,,,,,,,,,,,,,,,,,
Gastric bypass Surgery Cost in India,"Rs. 2,50,000 to Rs. 6,00,000",,,,,,,,,,,,,,,,,,,,,,,
Hair transplantation in Hyderabad,"Rs. 30,000 - Rs. 40,000",,,,,,,,,,,,,,,,,,,,,,,
Hair transplantation in Raipur,"Rs. 30,000 - Rs. 40,000",,,,,,,,,,,,,,,,,,,,,,,
Hair transplantation in Bhubaneswar,"Rs. 30,000 - Rs. 40,000",,,,,,,,,,,,,,,,,,,,,,,
Hair transplantation in Visakhapatnam,"Rs. 30,000 - Rs. 70,000",,,,,,,,,,,,,,,,,,,,,,,
Hair transplantation in Nagpur,"Rs. 30,000 - Rs. 70,000",,,,,,,,,,,,,,,,,,,,,,,
Hair transplantation in Indore,"Rs. 30,000 - Rs. 70,000",,,,,,,,,,,,,,,,,,,,,,,
Hair transplantation in Aurangabad,"Rs. 30,000 - Rs. 70,000",,,,,,,,,,,,,,,,,,,,,,,
Hair transplantation in India (average),"Rs. 30,000 - Rs. 1,00,000",,,,,,,,,,,,,,,,,,,,,,,
IVF cost in Hyderabad,"Rs. 1,00,000 to Rs. 2,30,000",,,,,,,,,,,,,,,,,,,,,,,
IVF cost in Raipur,"Rs. 1,00,000 to Rs. 2,00,000",,,,,,,,,,,,,,,,,,,,,,,
IVF cost in Bhubaneswar,"Rs. 1,00,000 to Rs. 2,20,000",,,,,,,,,,,,,,,,,,,,,,,
IVF cost in Visakhapatnam,"Rs. 1,00,000 to Rs. 1,90,000",,,,,,,,,,,,,,,,,,,,,,,
IVF cost in Nagpur,"Rs. 1,00,000 to Rs. 1,80,000",,,,,,,,,,,,,,,,,,,,,,,
IVF cost in Indore,"Rs. 1,00,000 to Rs. 1,80,000",,,,,,,,,,,,,,,,,,,,,,,
IVF cost in Aurangabad,"Rs. 1,00,000 to Rs. 1,70,000",,,,,,,,,,,,,,,,,,,,,,,
IVF cost in India,"Rs. 1,00,000 to Rs. 2,50,000",,,,,,,,,,,,,,,,,,,,,,,
Glaucoma Surgery Cost in Hyderabad,"Rs. 55,000/-",,,,,,,,,,,,,,,,,,,,,,,
Glaucoma Surgery Cost in Raipur,"Rs. 50,000/-",,,,,,,,,,,,,,,,,,,,,,,
Glaucoma Surgery Cost in Bhubaneswar,"Rs. 50,000/-",,,,,,,,,,,,,,,,,,,,,,,
Glaucoma Surgery Cost in Visakhapatnam,"Rs. 45,000/-",,,,,,,,,,,,,,,,,,,,,,,
Glaucoma Surgery Cost in Nagpur,"Rs. 48,000/-",,,,,,,,,,,,,,,,,,,,,,,
Glaucoma Surgery Cost in Indore,"Rs. 55,000/-",,,,,,,,,,,,,,,,,,,,,,,
Glaucoma Surgery Cost in Aurangabad,"Rs. 55,000/-",,,,,,,,,,,,,,,,,,,,,,,
Glaucoma Surgery Cost in India,"Rs. 45,000/- - Rs.60,000/-",,,,,,,,,,,,,,,,,,,,,,,
Hysteroscopy cost in Hyderabad,"Rs. 15,000/- to Rs. 55,000/-",,,,,,,,,,,,,,,,,,,,,,,
Hysteroscopy cost in Raipur,"Rs. 15,000/- to Rs. 40,000/-",,,,,,,,,,,,,,,,,,,,,,,
Hysteroscopy cost in Bhubaneswar,"Rs. 15,000/- to Rs. 50,000/-",,,,,,,,,,,,,,,,,,,,,,,
Hysteroscopy cost in Visakhapatnam,"Rs. 15,000/- to Rs. 50,000/-",,,,,,,,,,,,,,,,,,,,,,,
Hysteroscopy cost in Nagpur,"Rs. 15,000/- to Rs. 50,000/-",,,,,,,,,,,,,,,,,,,,,,,
Hysteroscopy cost in Indore,"Rs. 15,000/- to Rs. 50,000/-",,,,,,,,,,,,,,,,,,,,,,,
Hysteroscopy cost in Aurangabad,"Rs. 15,000/- to Rs. 45,000/-",,,,,,,,,,,,,,,,,,,,,,,
Hysteroscopy cost in India,"Rs. 15,000/- to Rs. 60,000/-",,,,,,,,,,,,,,,,,,,,,,,
Insulin injection cost in Hyderabad,Rs. 120 - Rs. 150,,,,,,,,,,,,,,,,,,,,,,,
Insulin injection cost in Raipur,Rs. 120 - Rs. 150,,,,,,,,,,,,,,,,,,,,,,,
Insulin injection cost in Bhubaneswar,Rs. 120 - Rs. 150,,,,,,,,,,,,,,,,,,,,,,,
Insulin injection cost in Visakhapatnam,Rs. 120 - Rs. 150,,,,,,,,,,,,,,,,,,,,,,,
Insulin injection cost in Nagpur,Rs. 120 - Rs. 150,,,,,,,,,,,,,,,,,,,,,,,
Insulin injection cost in Indore,Rs. 120 - Rs. 150,,,,,,,,,,,,,,,,,,,,,,,
Insulin injection cost in Aurangabad,Rs. 120 - Rs. 150,,,,,,,,,,,,,,,,,,,,,,,
Insulin injection cost in India,Rs. 120 - Rs. 150,,,,,,,,,,,,,,,,,,,,,,,
Hip arthroscopy in Hyderabad,"Rs. 80,000 to Rs. 2,00,000",,,,,,,,,,,,,,,,,,,,,,,
Hip arthroscopy in Raipur,"Rs. 80,000 to Rs. 2,00,000",,,,,,,,,,,,,,,,,,,,,,,
Hip arthroscopy in Bhubaneswar,"Rs. 80,000 to Rs. 2,00,000",,,,,,,,,,,,,,,,,,,,,,,
Hip arthroscopy in Visakhapatnam,"Rs. 80,000 to Rs. 2,00.000",,,,,,,,,,,,,,,,,,,,,,,
Hip arthroscopy in Nagpur,"Rs. 80,000 to Rs. 2,00,000",,,,,,,,,,,,,,,,,,,,,,,
Hip arthroscopy in Indore,"Rs. 80,000 to Rs. 2,00,000",,,,,,,,,,,,,,,,,,,,,,,
Hip arthroscopy in Aurangabad,"Rs. 80,000 to Rs. 2,00,000",,,,,,,,,,,,,,,,,,,,,,,
Hip arthroscopy in India,"Rs. 80,000 to Rs. 2,00,000",,,,,,,,,,,,,,,,,,,,,,,
IUI treatment cost in Hyderabad,"Rs. 10,000 to Rs. 35,000",,,,,,,,,,,,,,,,,,,,,,,
IUI treatment cost in Raipur,"Rs. 10,000 to Rs. 30,000",,,,,,,,,,,,,,,,,,,,,,,
IUI treatment  cost in Bhubaneswar,"Rs. 15,000 to Rs. 35,000",,,,,,,,,,,,,,,,,,,,,,,
IUI treatment  cost in Visakhapatnam,"Rs. 10,000 to Rs. 25,000",,,,,,,,,,,,,,,,,,,,,,,
IUI treatment  cost in Indore,"Rs. 10,000 to Rs. 30,000",,,,,,,,,,,,,,,,,,,,,,,
IUI treatment  cost in Nagpur,"Rs. 12,000 to Rs. 30,000",,,,,,,,,,,,,,,,,,,,,,,
IUI treatment  cost in Aurangabad,"Rs. 10,000 to Rs. 35,000",,,,,,,,,,,,,,,,,,,,,,,
IUI treatment  cost in India,"Rs. 10,000 to Rs. 50,000",,,,,,,,,,,,,,,,,,,,,,,
Laparoscopic hernia surgery cost in Hyderabad,"Rs. 27,000 to Rs. 1,50,000",,,,,,,,,,,,,,,,,,,,,,,
Laparoscopic hernia surgery cost in India,"Rs. 50,000 to Rs. 2,65,000",,,,,,,,,,,,,,,,,,,,,,,
Hydrocele surgery cost in Hyderabad,"Rs. 25,000 - Rs. 90,000",,,,,,,,,,,,,,,,,,,,,,,
Hydrocele surgery cost in Bhubaneswar,"Rs. 25,000 - Rs. 80,000",,,,,,,,,,,,,,,,,,,,,,,
Hydrocele surgery cost in India,"Rs. 25,000 - Rs. 1,00,000",,,,,,,,,,,,,,,,,,,,,,,
Hypospadias Surgery Cost in Hyderabad,"Rs. 50,000 – Rs. 1,00,000",,,,,,,,,,,,,,,,,,,,,,,
Hypospadias Surgery Cost in Raipur,"Rs. 40,000 - Rs. 75,000",,,,,,,,,,,,,,,,,,,,,,,
Hypospadias Surgery Cost in Bhubaneshwar,"Rs. 50,000 – Rs. 1,00,000",,,,,,,,,,,,,,,,,,,,,,,
Hypospadias Surgery Cost in Visakhapatnam,"Rs. 20,000 - Rs. 90,000",,,,,,,,,,,,,,,,,,,,,,,
Hypospadias Surgery Cost in Nagpur,"Rs. 50,000 - Rs. 80,000",,,,,,,,,,,,,,,,,,,,,,,
Hypospadias Surgery Cost in Indore,"Rs. 34,000 - Rs. 80,000",,,,,,,,,,,,,,,,,,,,,,,
Hypospadias Surgery Cost in Aurangabad,"Rs. 35,000 - Rs. 80,000",,,,,,,,,,,,,,,,,,,,,,,
Hypospadias Surgery Cost in India,"Rs. 35,000 – Rs. 1,00,000",,,,,,,,,,,,,,,,,,,,,,,
Hysterolaparoscopy Cost in Hyderabad,"Rs. 58,500/-",,,,,,,,,,,,,,,,,,,,,,,
Hysterolaparoscopy Cost in Raipur,"Rs. 48,000/-",,,,,,,,,,,,,,,,,,,,,,,
Hysterolaparoscopy Cost in Bhubaneswar,"Rs. 60,000/-",,,,,,,,,,,,,,,,,,,,,,,
Hysterolaparoscopy Cost in Visakhapatnam,"Rs. 54,000/-",,,,,,,,,,,,,,,,,,,,,,,
Hysterolaparoscopy Cost in Nagpur,"Rs. 55,000/-",,,,,,,,,,,,,,,,,,,,,,,
Hysterolaparoscopy Cost in Indore,"Rs. 55,000/-",,,,,,,,,,,,,,,,,,,,,,,
Hysterolaparoscopy Cost in Aurangabad,"Rs. 55,000/-",,,,,,,,,,,,,,,,,,,,,,,
Hysterolaparoscopy Cost in India,"Rs. 45,000/- - Rs. 60,000/-",,,,,,,,,,,,,,,,,,,,,,,